create database Empresa;
use Empresa;

create table Usuarios(idusuario int primary key AUTO_INCREMENT , Nombre varchar(50), ApellidoPaterno varchar(50),
ApellidoMaterno varchar(50), Contrasena varchar(20));

/*insert into Usuarios values(2,'Miriam','Muñoz','Gonzalez','12345');*/


/* create table Alumnos(Id int primary key AUTO_INCREMENT, NumeroControl int, Nombre varchar(50), ApellidoPaterno varchar(50),
ApellidoMaterno varchar(50), FechaNacimiento date, sexo varchar(50), Domicilio varchar(100), Email varchar(50)); */


create table Alumnos(Id int primary key AUTO_INCREMENT, NumeroControl int, Nombre varchar(50), ApellidoPaterno varchar(50), ApellidoMaterno varchar(50),
FechaNacimiento varchar(20), sexo varchar(50), Domicilio varchar(100), Email varchar(50), fkCodigo varchar(20),
foreign key (fkCodigo) references Estados (Codigo),fkCodigoCiudad int,foreign key (fkCodigoCiudad) references Ciudades (CodigoCiudad));


/*insert into Alumnos values(null,1291098,'Miriam','Muñoz','Gonzalez','1999-07-06','Mujer','La merced #32','miriamke@hotmail.com','JAL',20);
insert into Alumnos values(null,1949943,'Zaira','Olmos','Rodriguez','1998-10-16','Mujer','Esmerarla #56','zaira@hotmail.com','ROO',20);*/


/* Estados */
create table Estados(Codigo varchar(20) primary key, Nombre varchar(50));

#region Insert Estados
insert into Estados values('AGU','Aguascalientes');
insert into Estados values('BCN','Baja California');
insert into Estados values('BCS','Baja California Sur');
insert into Estados values('CAM','Campeche');
insert into Estados values('CHP','Chiapas');
insert into Estados values('CHH','Chihuahua');
insert into Estados values('CMX​6?','Ciudad de México');
insert into Estados values('COA','Coahuila');
insert into Estados values('COL','Colima');
insert into Estados values('DUR','Durango');
insert into Estados values('GUA','Guanajuato');
insert into Estados values('GRO','Guerrero');
insert into Estados values('HID','Hidalgo');
insert into Estados values('JAL','Jalisco');
insert into Estados values('MEX','México');
insert into Estados values('MIC','Michoacán');
insert into Estados values('MOR','Morelos');
insert into Estados values('NAY','Nayarit');
insert into Estados values('NLE','Nuevo León');
insert into Estados values('OAX','Oaxaca');
insert into Estados values('PUE','Puebla');
insert into Estados values('QUE','Querétaro');
insert into Estados values('ROO','Quintana Roo');
insert into Estados values('SLP','San Luis Potosí');
insert into Estados values('SIN','Sinaloa');
insert into Estados values('SON','Sonora');
insert into Estados values('TAB','Tabasco');
insert into Estados values('TAM','Tamaulipas');
insert into Estados values('TLA','Tlaxcala');
insert into Estados values('VER','Veracruz');
insert into Estados values('YUC','Yucatán');
insert into Estados values('ZAC','Zacatecas');
#end Region

/*update Estados set Codigo='CMX' where Codigo="CMX6?";*/

select * from Estados;

/*Ciudades*/
create table Ciudades(CodigoCiudad int primary key AUTO_INCREMENT, NombreCiudad varchar(50), fkCodigo varchar(20), 
foreign key(fkCodigo) references Estados(Codigo));

/*alter table Ciudades change column Nombre NombreCiudad varchar(50);*/

select * from Ciudades;

#region Estados-Ciudades

#region Aguascalientes
insert into Ciudades values(null,'Aguascalientes','AGU');
insert into Ciudades values(null,'Jesús María','AGU');
insert into Ciudades values(null,'Rincón de Romos','AGU');
insert into Ciudades values(null,'Calvillo','AGU');
insert into Ciudades values(null,'Asientos','AGU');
insert into Ciudades values(null,'Pabellón de Arteaga','AGU');
insert into Ciudades values(null,'San Francisco de los Romo','AGU');
insert into Ciudades values(null,'Tepezalá','AGU');
insert into Ciudades values(null,'El Llano','AGU');
insert into Ciudades values(null,'Cosío','AGU');
insert into Ciudades values(null,'San José de Gracia','AGU');
#end region

#region Baja California 
insert into Ciudades values(null,'Mexicali','BCN');
insert into Ciudades values(null,'Tijuana','BCN');
insert into Ciudades values(null,'Ensenada','BCN');
insert into Ciudades values(null,'Tecate','BCN');
insert into Ciudades values(null,'Rosarito','BCN');
#end region

#region Baja California Sur
insert into Ciudades values(null,'La Paz','BCS');
insert into Ciudades values(null,'Los Cabos','BCS');
insert into Ciudades values(null,'Loreto','BCS');
insert into Ciudades values(null,'Mulegé','BCS');
insert into Ciudades values(null,'Comondú','BCS');
#end region

#region Campeche
insert into Ciudades values(null,'Calakmul','CAM');
insert into Ciudades values(null,'Calkiní','CAM');
insert into Ciudades values(null,'Campeche','CAM');
insert into Ciudades values(null,'Candelaria','CAM');
insert into Ciudades values(null,'Carmen','CAM');
insert into Ciudades values(null,'Champotón','CAM');
insert into Ciudades values(null,'Escárcega','CAM');
insert into Ciudades values(null,'Hecelchakán','CAM');
insert into Ciudades values(null,'Hopelchén','CAM');
insert into Ciudades values(null,'Palizada','CAM');
insert into Ciudades values(null,'Tenabo','CAM');
#end region

#region Chiapas
insert into Ciudades values(null,'Acacoyagua','CHP');
insert into Ciudades values(null,'Acala','CHP');
insert into Ciudades values(null,'Acapetahua','CHP');
insert into Ciudades values(null,'Aldama','CHP');
insert into Ciudades values(null,'Altamirano','CHP');
insert into Ciudades values(null,'Amatán','CHP');
insert into Ciudades values(null,'Amatenango de la Frontera','CHP');
insert into Ciudades values(null,'Amatenango del Valle','CHP');
insert into Ciudades values(null,'Ángel Albino Corzo','CHP');
insert into Ciudades values(null,'Arriaga','CHP');
insert into Ciudades values(null,'Bejucal de Ocampo','CHP');
insert into Ciudades values(null,'Bella Vista','CHP');
insert into Ciudades values(null,'Benemérito de las Américas','CHP');
insert into Ciudades values(null,'Berriozábal','CHP');
insert into Ciudades values(null,'Bochil','CHP');
insert into Ciudades values(null,'Cacahoatán','CHP');
insert into Ciudades values(null,'Chalchihuitán','CHP');
insert into Ciudades values(null,'Chamula','CHP');
insert into Ciudades values(null,'Chanal','CHP');
insert into Ciudades values(null,'Chapultenango','CHP');
insert into Ciudades values(null,'Catazajá','CHP');
insert into Ciudades values(null,'Chenalhó','CHP');
insert into Ciudades values(null,'Chiapa de Corzo','CHP');
insert into Ciudades values(null,'Chiapilla','CHP');
insert into Ciudades values(null,'Chicoasén','CHP');
insert into Ciudades values(null,'Chicomosuelo','CHP');
insert into Ciudades values(null,'Cintalpa','CHP');
insert into Ciudades values(null,'Chilón','CHP');
insert into Ciudades values(null,'Coapilla','CHP');
insert into Ciudades values(null,'Comitán de Domínguez','CHP');
insert into Ciudades values(null,'Copainalá','CHP');
insert into Ciudades values(null,'El Bosque','CHP');
insert into Ciudades values(null,'El Porvenir','CHP');
insert into Ciudades values(null,'Escuintla','CHP');
insert into Ciudades values(null,'Francisco León','CHP');
insert into Ciudades values(null,'Frontera Comalapa','CHP');
insert into Ciudades values(null,'Frontera Hidalgo','CHP');
insert into Ciudades values(null,'Huehuetán','CHP');
insert into Ciudades values(null,'Huitiupán','CHP');
insert into Ciudades values(null,'Huixtán','CHP');
insert into Ciudades values(null,'Huixtla','CHP');
insert into Ciudades values(null,'Ixhuatán','CHP');
insert into Ciudades values(null,'Ixtacomitán','CHP');
insert into Ciudades values(null,'Ixtapa','CHP');
insert into Ciudades values(null,'Ixtapangajoya','CHP');
insert into Ciudades values(null,'Jiquipilas','CHP');
insert into Ciudades values(null,'Jitotol','CHP');
insert into Ciudades values(null,'Juárez','CHP');
insert into Ciudades values(null,'La Concordia','CHP');
insert into Ciudades values(null,'La Grandeza','CHP');
insert into Ciudades values(null,'La Independencia','CHP');
insert into Ciudades values(null,'La Libertad','CHP');
insert into Ciudades values(null,'La Trinitaria','CHP');
insert into Ciudades values(null,'Larráinzar','CHP');
insert into Ciudades values(null,'Las Margaritas','CHP');
insert into Ciudades values(null,'Las Rosas','CHP');
insert into Ciudades values(null,'Mapastepec','CHP');
insert into Ciudades values(null,'Maravilla Tenejapa','CHP');
insert into Ciudades values(null,'Marqués de Comillas','CHP');
insert into Ciudades values(null,'Mazapa de Madero','CHP');
insert into Ciudades values(null,'Mazatán','CHP');
insert into Ciudades values(null,'Metapa','CHP');
insert into Ciudades values(null,'Mitontic','CHP');
insert into Ciudades values(null,'Montecristo de Guerrero','CHP');
insert into Ciudades values(null,'Motozintla','CHP');
insert into Ciudades values(null,'Nicolás Ruíz','CHP');
insert into Ciudades values(null,'Ocosingo','CHP');
insert into Ciudades values(null,'Ocotepec','CHP');
insert into Ciudades values(null,'Ocozocoautla de Espinosa','CHP');
insert into Ciudades values(null,'Ostuacán','CHP');
insert into Ciudades values(null,'Osumacinta','CHP');
insert into Ciudades values(null,'Oxchuc','CHP');
insert into Ciudades values(null,'Palenque','CHP');
insert into Ciudades values(null,'Pantelhó','CHP');
insert into Ciudades values(null,'Pantepec','CHP');
insert into Ciudades values(null,'Pichucalco','CHP');
insert into Ciudades values(null,'Pijijiapan','CHP');
insert into Ciudades values(null,'Pueblo Nuevo Solistahuacán','CHP');
insert into Ciudades values(null,'Rayón','CHP');
insert into Ciudades values(null,'Reforma','CHP');
insert into Ciudades values(null,'Sabanilla','CHP');
insert into Ciudades values(null,'Salto de Agua','CHP');
insert into Ciudades values(null,'San Andrés Duraznal','CHP');
insert into Ciudades values(null,'San Cristóbal de las Casas','CHP');
insert into Ciudades values(null,'San Fernando','CHP');
insert into Ciudades values(null,'San Juan Cancuc','CHP');
insert into Ciudades values(null,'San Lucas','CHP');
insert into Ciudades values(null,'Santiago el Pinar','CHP');
insert into Ciudades values(null,'Siltepec','CHP');
insert into Ciudades values(null,'Simojovel','CHP');
insert into Ciudades values(null,'Sitalá','CHP');
insert into Ciudades values(null,'Socoltenango','CHP');
insert into Ciudades values(null,'Solosuchiapa','CHP');
insert into Ciudades values(null,'Soyaló','CHP');
insert into Ciudades values(null,'Suchiapa','CHP');
insert into Ciudades values(null,'Suchiate','CHP');
insert into Ciudades values(null,'Sunuapa','CHP');
insert into Ciudades values(null,'Tapachula','CHP');
insert into Ciudades values(null,'Tapalapa','CHP');
insert into Ciudades values(null,'Tapilula','CHP');
insert into Ciudades values(null,'Tecpatán','CHP');
insert into Ciudades values(null,'Tenejapa','CHP');
insert into Ciudades values(null,'Teopisca','CHP');
insert into Ciudades values(null,'Tila','CHP');
insert into Ciudades values(null,'Tonalá','CHP');
insert into Ciudades values(null,'Totolapa','CHP');
insert into Ciudades values(null,'Tumbalá','CHP');
insert into Ciudades values(null,'Tuxtla Chico','CHP');
insert into Ciudades values(null,'Tuxtla Gutiérrez','CHP');
insert into Ciudades values(null,'Tuzantán','CHP');
insert into Ciudades values(null,'Tzimol','CHP');
insert into Ciudades values(null,'Unión Juárez','CHP');
insert into Ciudades values(null,'Venustiano Carranza','CHP');
insert into Ciudades values(null,'Villa Comaltitlán','CHP');
insert into Ciudades values(null,'Villa Corzo','CHP');
insert into Ciudades values(null,'Villaflores','CHP');
insert into Ciudades values(null,'Yajalón','CHP');
insert into Ciudades values(null,'Zinacantán','CHP');
#end region

#region Chihuahua
insert into Ciudades values(null,'Ahumada','CHH');
insert into Ciudades values(null,'Aldama','CHH');
insert into Ciudades values(null,'Allende','CHH');
insert into Ciudades values(null,'Aquiles Serdán','CHH');
insert into Ciudades values(null,'Ascensión','CHH');
insert into Ciudades values(null,'Bachíniva','CHH');
insert into Ciudades values(null,'Balleza','CHH');
insert into Ciudades values(null,'Batopilas','CHH');
insert into Ciudades values(null,'Bocoyna','CHH');
insert into Ciudades values(null,'Buenaventura','CHH');
insert into Ciudades values(null,'Camargo','CHH');
insert into Ciudades values(null,'Carichí','CHH');
insert into Ciudades values(null,'Casas Grandes','CHH');
insert into Ciudades values(null,'Chihuahua','CHH');
insert into Ciudades values(null,'Chínipas','CHH');
insert into Ciudades values(null,'Coronado','CHH');
insert into Ciudades values(null,'Coyame del Sotol','CHH');
insert into Ciudades values(null,'Cuauhtémoc','CHH');
insert into Ciudades values(null,'Cusihuiriachi','CHH');
insert into Ciudades values(null,'Delicias','CHH');
insert into Ciudades values(null,'Dr. Belisario Domínguez','CHH');
insert into Ciudades values(null,'El Tule','CHH');
insert into Ciudades values(null,'Galeana','CHH');
insert into Ciudades values(null,'Gómez Farías','CHH');
insert into Ciudades values(null,'Gran Morelos','CHH');
insert into Ciudades values(null,'Guachochi','CHH');
insert into Ciudades values(null,'Guadalupe D.B.','CHH');
insert into Ciudades values(null,'Guadalupe y Calvo','CHH');
insert into Ciudades values(null,'Guazapares','CHH');
insert into Ciudades values(null,'Guerrero','CHH');
insert into Ciudades values(null,'Hidalgo del Parral','CHH');
insert into Ciudades values(null,'Huejoitán','CHH');
insert into Ciudades values(null,'Ignacio Zaragoza','CHH');
insert into Ciudades values(null,'Janos','CHH');
insert into Ciudades values(null,'Jiménez','CHH');
insert into Ciudades values(null,'Juárez','CHH');
insert into Ciudades values(null,'Julimes','CHH');
insert into Ciudades values(null,'La Cruz','CHH');
insert into Ciudades values(null,'López','CHH');
insert into Ciudades values(null,'Madera','CHH');
insert into Ciudades values(null,'Maguarichi','CHH');
insert into Ciudades values(null,'Manuel Benavides','CHH');
insert into Ciudades values(null,'Matachí','CHH');
insert into Ciudades values(null,'Matamoros','CHH');
insert into Ciudades values(null,'Meoqui','CHH');
insert into Ciudades values(null,'Morelos','CHH');
insert into Ciudades values(null,'Moris','CHH');
insert into Ciudades values(null,'Namiquipa','CHH');
insert into Ciudades values(null,'Nonoava','CHH');
insert into Ciudades values(null,'Nuevo Casas Grandes','CHH');
insert into Ciudades values(null,'Ocampo','CHH');
insert into Ciudades values(null,'Ojinaga','CHH');
insert into Ciudades values(null,'Praxedis G. Guerrero','CHH');
insert into Ciudades values(null,'Riva Palacio','CHH');
insert into Ciudades values(null,'Rosales','CHH');
insert into Ciudades values(null,'Rosario','CHH');
insert into Ciudades values(null,'San Francisco de Borja','CHH');
insert into Ciudades values(null,'San Francisco de Conchos','CHH');
insert into Ciudades values(null,'San Francisco del Oro','CHH');
insert into Ciudades values(null,'Santa Bárabara','CHH');
insert into Ciudades values(null,'Santa Isabel','CHH');
insert into Ciudades values(null,'Satevó','CHH');
insert into Ciudades values(null,'Saucillo','CHH');
insert into Ciudades values(null,'Temósachi','CHH');
insert into Ciudades values(null,'Urique','CHH');
insert into Ciudades values(null,'Uriachi','CHH');
insert into Ciudades values(null,'Valle de Zaragoza','CHH');
#end region

#region Cuidad de Mexico
insert into Ciudades values(null,'Álvaro Obregón','CMX');
insert into Ciudades values(null,'Azcapotzalco','CMX');
insert into Ciudades values(null,'Benito Juárez','CMX');
insert into Ciudades values(null,'Coyoacán','CMX');
insert into Ciudades values(null,'Cuajimalpa de Morelos','CMX');
insert into Ciudades values(null,'Cuauhtémoc','CMX');
insert into Ciudades values(null,'Gustavo A. Madero','CMX');
insert into Ciudades values(null,'Iztacalco','CMX');
insert into Ciudades values(null,'Iztapalapa','CMX');
insert into Ciudades values(null,'Magdalena Contreras','CMX');
insert into Ciudades values(null,'Miguel Hidalgo','CMX');
insert into Ciudades values(null,'Milpa Alta','CMX');
insert into Ciudades values(null,'Tláhuac','CMX');
insert into Ciudades values(null,'Tlalpan','CMX');
insert into Ciudades values(null,'Venustiano Carranza','CMX');
insert into Ciudades values(null,'Xochimilco','CMX');
#end region

#region Coahuila
insert into Ciudades values(null,'Abasolo','COA');
insert into Ciudades values(null,'Acuña','COA');
insert into Ciudades values(null,'Allende','COA');
insert into Ciudades values(null,'Arteaga','COA');
insert into Ciudades values(null,'Candela','COA');
insert into Ciudades values(null,'Castaños','COA');
insert into Ciudades values(null,'Cuatrociénegas','COA');
insert into Ciudades values(null,'Escobedo','COA');
insert into Ciudades values(null,'Francisco I. Madero','COA');
insert into Ciudades values(null,'Frontera','COA');
insert into Ciudades values(null,'General Cepeda','COA');
insert into Ciudades values(null,'Guerrero','COA');
insert into Ciudades values(null,'Hidalgo','COA');
insert into Ciudades values(null,'Jiménez','COA');
insert into Ciudades values(null,'Juárez','COA');
insert into Ciudades values(null,'Lamadrid','COA');
insert into Ciudades values(null,'Matamoros','COA');
insert into Ciudades values(null,'Monclova','COA');
insert into Ciudades values(null,'Morelos','COA');
insert into Ciudades values(null,'Múzquiz','COA');
insert into Ciudades values(null,'Nadadores','COA');
insert into Ciudades values(null,'Nava','COA');
insert into Ciudades values(null,'Ocampo','COA');
insert into Ciudades values(null,'Parras','COA');
insert into Ciudades values(null,'Piedras Negras','COA');
insert into Ciudades values(null,'Progreso','COA');
insert into Ciudades values(null,'Ramos Arizpe','COA');
insert into Ciudades values(null,'Sabinas','COA');
insert into Ciudades values(null,'Sacramento','COA');
insert into Ciudades values(null,'Saltillo','COA');
insert into Ciudades values(null,'San Buenaventura','COA');
insert into Ciudades values(null,'San Juan de Sabinas','COA');
insert into Ciudades values(null,'San Pedro','COA');
insert into Ciudades values(null,'Sierra Mojada','COA');
insert into Ciudades values(null,'Torreón','COA');
insert into Ciudades values(null,'Viesca','COA');
insert into Ciudades values(null,'Villa Unión','COA');
insert into Ciudades values(null,'Zaragoza','COA');
#end region

#region Colima
insert into Ciudades values(null,'Armería','COL');
insert into Ciudades values(null,'Colima','COL');
insert into Ciudades values(null,'Comala','COL');
insert into Ciudades values(null,'Coquimatlán','COL');
insert into Ciudades values(null,'Cuauhtémoc','COL');
insert into Ciudades values(null,'Ixtlahuacán','COL');
insert into Ciudades values(null,'Manzanillo','COL');
insert into Ciudades values(null,'Minatitlán','COL');
insert into Ciudades values(null,'Tecomán','COL');
insert into Ciudades values(null,'Villa de Álvarez','COL');
#end region

#region Durango
insert into Ciudades values(null,'Canatlán','DUR');
insert into Ciudades values(null,'Canelas','DUR');
insert into Ciudades values(null,'Coneto de Comonfort','DUR');
insert into Ciudades values(null,'Cuencamé','DUR');
insert into Ciudades values(null,'Durango','DUR');
insert into Ciudades values(null,'El Oro','DUR');
insert into Ciudades values(null,'Gómez Palacio','DUR');
insert into Ciudades values(null,'Gral. Simón Bolívar','DUR');
insert into Ciudades values(null,'Guadalupe Victoria','DUR');
insert into Ciudades values(null,'Guanaceví','DUR');
insert into Ciudades values(null,'Hidalgo','DUR');
insert into Ciudades values(null,'Indé','DUR');
insert into Ciudades values(null,'Lerdo','DUR');
insert into Ciudades values(null,'Mapimí','DUR');
insert into Ciudades values(null,'Mezquital','DUR');
insert into Ciudades values(null,'Nazas','DUR');
insert into Ciudades values(null,'Nombre de Dios','DUR');
insert into Ciudades values(null,'Nuevo Ideal','DUR');
insert into Ciudades values(null,'Ocampo','DUR');
insert into Ciudades values(null,'Otáez','DUR');
insert into Ciudades values(null,'Pánuco de Coronado','DUR');
insert into Ciudades values(null,'Peñón Blanco','DUR');
insert into Ciudades values(null,'Poanas','DUR');
insert into Ciudades values(null,'Pueblo Nuevo','DUR');
insert into Ciudades values(null,'Rodeo','DUR');
insert into Ciudades values(null,'San Bernardo','DUR');
insert into Ciudades values(null,'San Dimas','DUR');
insert into Ciudades values(null,'San Juan de Guadalupe','DUR');
insert into Ciudades values(null,'San Juan del Río','DUR');
insert into Ciudades values(null,'San Luis del Cordero','DUR');
insert into Ciudades values(null,'San Pedro del Gallo','DUR');
insert into Ciudades values(null,'Santa Clara','DUR');
insert into Ciudades values(null,'Santiago Papasquiaro','DUR');
insert into Ciudades values(null,'Súchil','DUR');
insert into Ciudades values(null,'Tamazula','DUR');
insert into Ciudades values(null,'Tepehuanes','DUR');
insert into Ciudades values(null,'Tlahualilo','DUR');
insert into Ciudades values(null,'Topia','DUR');
insert into Ciudades values(null,'Vicente Guerrero','DUR');
#end region

#region Guanajuato
insert into Ciudades values(null,'Abasolo','GUA');
insert into Ciudades values(null,'Acámbaro','GUA');
insert into Ciudades values(null,'Apaseo el Alto','GUA');
insert into Ciudades values(null,'Apaseo el Grande','GUA');
insert into Ciudades values(null,'Atarjea','GUA');
insert into Ciudades values(null,'Celaya','GUA');
insert into Ciudades values(null,'Comonfort','GUA');
insert into Ciudades values(null,'Coroneo','GUA');
insert into Ciudades values(null,'Cortazar','GUA');
insert into Ciudades values(null,'Cuerámaro','GUA');
insert into Ciudades values(null,'Doctor Mora','GUA');
insert into Ciudades values(null,'Dolores Hidalgo','GUA');
insert into Ciudades values(null,'Guanajuato','GUA');
insert into Ciudades values(null,'Huanímaro','GUA');
insert into Ciudades values(null,'Irapuato','GUA');
insert into Ciudades values(null,'Jaral del Progreso','GUA');
insert into Ciudades values(null,'Jerécuaro','GUA');
insert into Ciudades values(null,'León','GUA');
insert into Ciudades values(null,'Manuel Doblado','GUA');
insert into Ciudades values(null,'Moroleón','GUA');
insert into Ciudades values(null,'Ocampo','GUA');
insert into Ciudades values(null,'Pénjamo','GUA');
insert into Ciudades values(null,'Pueblo Nuevo','GUA');
insert into Ciudades values(null,'Purísima del Rincón','GUA');
insert into Ciudades values(null,'Romita','GUA');
insert into Ciudades values(null,'Salamanca','GUA');
insert into Ciudades values(null,'Salvatierra','GUA');
insert into Ciudades values(null,'San Diego de la Unión','GUA');
insert into Ciudades values(null,'San Felipe','GUA');
insert into Ciudades values(null,'San Francisco del Rincón','GUA');
insert into Ciudades values(null,'San José Iturbide','GUA');
insert into Ciudades values(null,'San Luis de la Paz','GUA');
insert into Ciudades values(null,'San Miguel de Allende','GUA');
insert into Ciudades values(null,'Santa Catarina','GUA');
insert into Ciudades values(null,'Santa Cruz de Juventino','GUA');
insert into Ciudades values(null,'Santiago Maravatío','GUA');
insert into Ciudades values(null,'Silao','GUA');
insert into Ciudades values(null,'Tarandacuao','GUA');
insert into Ciudades values(null,'Tarimoro','GUA');
insert into Ciudades values(null,'Tierra Blanca','GUA');
insert into Ciudades values(null,'Uriangato','GUA');
insert into Ciudades values(null,'Valle de Santiago','GUA');
insert into Ciudades values(null,'Victoria','GUA');
insert into Ciudades values(null,'Villagrán','GUA');
insert into Ciudades values(null,'Xichú','GUA');
insert into Ciudades values(null,'Yuriria','GUA');
#end region

#region Guerrero
insert into Ciudades values(null,'Acapulco de Juárez','GRO');
insert into Ciudades values(null,'Acatepec','GRO');
insert into Ciudades values(null,'Ahuacuotzingo','GRO');
insert into Ciudades values(null,'Ajuchitlán del Progreso','GRO');
insert into Ciudades values(null,'Alcozauca de Guerrero','GRO');
insert into Ciudades values(null,'Alpoyeca','GRO');
insert into Ciudades values(null,'Apaxtla de Castrejón','GRO');
insert into Ciudades values(null,'Arcelia','GRO');
insert into Ciudades values(null,'Atenango del Río','GRO');
insert into Ciudades values(null,'Atlamajalcingo del Monte','GRO');
insert into Ciudades values(null,'Atlixtac','GRO');
insert into Ciudades values(null,'Atoyac de Álvarez','GRO');
insert into Ciudades values(null,'Ayutla de los Libres','GRO');
insert into Ciudades values(null,'Azoyú','GRO');
insert into Ciudades values(null,'Benito Juárez','GRO');
insert into Ciudades values(null,'Buenavista de Cuéllar','GRO');
insert into Ciudades values(null,'Chilapa de Álvarez','GRO');
insert into Ciudades values(null,'Chilpancingo de los Bravo','GRO');
insert into Ciudades values(null,'Coahuayutla de José María Izazaga','GRO');
insert into Ciudades values(null,'Cochoapa el Grande','GRO');
insert into Ciudades values(null,'Cocula','GRO');
insert into Ciudades values(null,'Copala','GRO');
insert into Ciudades values(null,'Copalillo','GRO');
insert into Ciudades values(null,'Copanatoyac','GRO');
insert into Ciudades values(null,'Coyuca de Benítez','GRO');
insert into Ciudades values(null,'Coyuca de Catalán','GRO');
insert into Ciudades values(null,'Cuajinicuilapa','GRO');
insert into Ciudades values(null,'Cualác','GRO');
insert into Ciudades values(null,'Cuautepec','GRO');
insert into Ciudades values(null,'Cuetzala del Progreso','GRO');
insert into Ciudades values(null,'Cutzamala de Pinzón','GRO');
insert into Ciudades values(null,'Eduardo Neri','GRO');
insert into Ciudades values(null,'Florencio Villarreal','GRO');
insert into Ciudades values(null,'General Canuto A. Neri','GRO');
insert into Ciudades values(null,'General Heliodoro Castillo','GRO');
insert into Ciudades values(null,'Huamuxtitlán','GRO');
insert into Ciudades values(null,'Huitzuco de los Figueroa','GRO');
insert into Ciudades values(null,'Iguala de la Independencia','GRO');
insert into Ciudades values(null,'Igualapa','GRO');
insert into Ciudades values(null,'Iliatenco','GRO');
insert into Ciudades values(null,'Ixcateopan de Cuauhtémoc','GRO');
insert into Ciudades values(null,'José Joaquín de Herrera','GRO');
insert into Ciudades values(null,'Juan R. Escudero','GRO');
insert into Ciudades values(null,'Juchitán','GRO');
insert into Ciudades values(null,'La Unión de Isidoro Montes de Oca','GRO');
insert into Ciudades values(null,'Leonardo Bravo','GRO');
insert into Ciudades values(null,'Malinaltepec','GRO');
insert into Ciudades values(null,'Marquelia','GRO');
insert into Ciudades values(null,'Mártir de Cuilapan','GRO');
insert into Ciudades values(null,'Metlatónoc','GRO');
insert into Ciudades values(null,'Mochitlán','GRO');
insert into Ciudades values(null,'Olinalá','GRO');
insert into Ciudades values(null,'Ometepec','GRO');
insert into Ciudades values(null,'Pedro Ascencio Alquisiras','GRO');
insert into Ciudades values(null,'Petatlán','GRO');
insert into Ciudades values(null,'Pilcaya','GRO');
insert into Ciudades values(null,'Pungarabato','GRO');
insert into Ciudades values(null,'Quechultenango','GRO');
insert into Ciudades values(null,'San Luis Acatlán','GRO');
insert into Ciudades values(null,'San Marcos','GRO');
insert into Ciudades values(null,'San Miguel Totolapan','GRO');
insert into Ciudades values(null,'Taxco de Alarcón','GRO');
insert into Ciudades values(null,'Tecoanapa','GRO');
insert into Ciudades values(null,'Técpan de Galeana','GRO');
insert into Ciudades values(null,'Teloloapan','GRO');
insert into Ciudades values(null,'Tepecoacuilco de Trujano','GRO');
insert into Ciudades values(null,'Tetipac','GRO');
insert into Ciudades values(null,'Tixtla de Guerrero','GRO');
insert into Ciudades values(null,'Tlacoachistlahuaca','GRO');
insert into Ciudades values(null,'Tlacoapa','GRO');
insert into Ciudades values(null,'Tlalchapa','GRO');
insert into Ciudades values(null,'Tlalixtlaquilla de Maldanado','GRO');
insert into Ciudades values(null,'Tlapa de Comonfort','GRO');
insert into Ciudades values(null,'Tlapehuala','GRO');
insert into Ciudades values(null,'Xalpatláhuac','GRO');
insert into Ciudades values(null,'Xochihuehuetlán','GRO');
insert into Ciudades values(null,'Xochistlahuaca','GRO');
insert into Ciudades values(null,'Zapotitlán Tablas','GRO');
insert into Ciudades values(null,'Zihuatanejo de Azueta','GRO');
insert into Ciudades values(null,'Zirándaro de los Chávez','GRO');
insert into Ciudades values(null,'Zitlala','GRO');
#end region

#region Hidalgo
insert into Ciudades values(null,'Acatlán','HID');
insert into Ciudades values(null,'Acaxochitlán','HID');
insert into Ciudades values(null,'Actopan','HID');
insert into Ciudades values(null,'Agua Blanca de Iturbide','HID');
insert into Ciudades values(null,'Ajacuba','HID');
insert into Ciudades values(null,'Alfajayucan','HID');
insert into Ciudades values(null,'Almoloya','HID');
insert into Ciudades values(null,'Apan','HID');
insert into Ciudades values(null,'Atitalaquia','HID');
insert into Ciudades values(null,'Atlapexco','HID');
insert into Ciudades values(null,'Atotonilco de Tula','HID');
insert into Ciudades values(null,'Atotonilco el Grande','HID');
insert into Ciudades values(null,'Calnali','HID');
insert into Ciudades values(null,'Chapantongo','HID');
insert into Ciudades values(null,'Chapulhuacán','HID');
insert into Ciudades values(null,'Cardonal','HID');
insert into Ciudades values(null,'Chilcuautla','HID');
insert into Ciudades values(null,'Cuautepec de Hinojosa','HID');
insert into Ciudades values(null,'El Arenal','HID');
insert into Ciudades values(null,'Eloxochitlán','HID');
insert into Ciudades values(null,'Emiliano Zapata','HID');
insert into Ciudades values(null,'Epazoyucan','HID');
insert into Ciudades values(null,'Francisco I. Madero','HID');
insert into Ciudades values(null,'Huasca de Ocampo','HID');
insert into Ciudades values(null,'Huautla','HID');
insert into Ciudades values(null,'Huazalingo','HID');
insert into Ciudades values(null,'Huejutla de Reyes','HID');
insert into Ciudades values(null,'Huehuetla  ','HID');
insert into Ciudades values(null,'Huichapan','HID');
insert into Ciudades values(null,'Ixmiquilpan','HID');
insert into Ciudades values(null,'Jacala de Ledezma','HID');
insert into Ciudades values(null,'Jaltocán','HID');
insert into Ciudades values(null,'Juárez Hidalgo','HID');
insert into Ciudades values(null,'La Misión','HID');
insert into Ciudades values(null,'Lolotla','HID');
insert into Ciudades values(null,'Metepec','HID');
insert into Ciudades values(null,'Metztitlán','HID');
insert into Ciudades values(null,'Mineral de la Reforma','HID');
insert into Ciudades values(null,'Mineral del Chico','HID');
insert into Ciudades values(null,'Mineral del Monte','HID');
insert into Ciudades values(null,'Mixquiahuala de Juárez','HID');
insert into Ciudades values(null,'Molango de Escamilla','HID');
insert into Ciudades values(null,'Nicolás Flores','HID');
insert into Ciudades values(null,'Nopala de Villagrán','HID');
insert into Ciudades values(null,'Omitlán de Juárez','HID');
insert into Ciudades values(null,'Pachuca de Soto','HID');
insert into Ciudades values(null,'Pacula','HID');
insert into Ciudades values(null,'Pisaflores','HID');
insert into Ciudades values(null,'Progreso de Obregón','HID');
insert into Ciudades values(null,'San Agustín Metzquititlán','HID');
insert into Ciudades values(null,'San Agustín Tlaxiaca','HID');
insert into Ciudades values(null,'San Bartolo Tutotepec','HID');
insert into Ciudades values(null,'San Felipe Orizatlán','HID');
insert into Ciudades values(null,'San Salvador','HID');
insert into Ciudades values(null,'Santiago de Anaya','HID');
insert into Ciudades values(null,'Santiago Tulantepec de Lugo Guerrero','HID');
insert into Ciudades values(null,'Singuilucan','HID');
insert into Ciudades values(null,'Tasquillo','HID');
insert into Ciudades values(null,'Tecozautla','HID');
insert into Ciudades values(null,'Tenango de Doria','HID');
insert into Ciudades values(null,'Tepeapulco','HID');
insert into Ciudades values(null,'Tepehuacán de Guerrero','HID');
insert into Ciudades values(null,'Tepeji del Río de Ocampo','HID');
insert into Ciudades values(null,'Tepetitlán','HID');
insert into Ciudades values(null,'Tetepango','HID');
insert into Ciudades values(null,'Tezontepec de Aldama','HID');
insert into Ciudades values(null,'Tianguistengo','HID');
insert into Ciudades values(null,'Tizayuca','HID');
insert into Ciudades values(null,'Tlahuelilpan','HID');
insert into Ciudades values(null,'Tlahuiltepa','HID');
insert into Ciudades values(null,'Tlanalapa','HID');
insert into Ciudades values(null,'Tlanchinol','HID');
insert into Ciudades values(null,'Tlaxcoapan','HID');
insert into Ciudades values(null,'Tolcayuca','HID');
insert into Ciudades values(null,'Tula de Allende','HID');
insert into Ciudades values(null,'Tulancingo de Bravo','HID');
insert into Ciudades values(null,'Villa de Tezontepec','HID');
insert into Ciudades values(null,'Xochiatipan','HID');
insert into Ciudades values(null,'Xochicoatlán','HID');
insert into Ciudades values(null,'Yahualica','HID');
insert into Ciudades values(null,'Zacualtipán de Ángeles','HID');
insert into Ciudades values(null,'Zapotlán de Juárez','HID');
insert into Ciudades values(null,'Zempoala','HID');
insert into Ciudades values(null,'Zimapán','HID');
#end region

#region Jalisco
insert into Ciudades values(null,'Acatic','JAL');
insert into Ciudades values(null,'Acatlán de Juárez','JAL');
insert into Ciudades values(null,'Ahualulco de Mercado','JAL');
insert into Ciudades values(null,'Amacueca','JAL');
insert into Ciudades values(null,'Amatitán','JAL');
insert into Ciudades values(null,'Ameca','JAL');
insert into Ciudades values(null,'Arandas','JAL');
insert into Ciudades values(null,'Atemajac de Brizuela','JAL');
insert into Ciudades values(null,'Atengo','JAL');
insert into Ciudades values(null,'Atenguillo','JAL');
insert into Ciudades values(null,'Atotonilco el Alto','JAL');
insert into Ciudades values(null,'Atoyac','JAL');
insert into Ciudades values(null,'Autlán de Navarro','JAL');
insert into Ciudades values(null,'Ayotlán','JAL');
insert into Ciudades values(null,'Ayutla','JAL');
insert into Ciudades values(null,'Bolaños','JAL');
insert into Ciudades values(null,'Cabo Corrientes','JAL');
insert into Ciudades values(null,'Cañadas de Obregón','JAL');
insert into Ciudades values(null,'Casimiro Castillo','JAL');
insert into Ciudades values(null,'Chapala','JAL');
insert into Ciudades values(null,'Chimaltitán','JAL');
insert into Ciudades values(null,'Chiquilistlán','JAL');
insert into Ciudades values(null,'Cihuatlán','JAL');
insert into Ciudades values(null,'Cocula','JAL');
insert into Ciudades values(null,'Colotlán','JAL');
insert into Ciudades values(null,'Concepción de Buenos Aires','JAL');
insert into Ciudades values(null,'Cuauitlán de García Barragán','JAL');
insert into Ciudades values(null,'Cuautla','JAL');
insert into Ciudades values(null,'Cuquío','JAL');
insert into Ciudades values(null,'Degollado','JAL');
insert into Ciudades values(null,'Ejutla','JAL');
insert into Ciudades values(null,'El Arenal','JAL');
insert into Ciudades values(null,'El Grullo','JAL');
insert into Ciudades values(null,'El Limón','JAL');
insert into Ciudades values(null,'El Salto','JAL');
insert into Ciudades values(null,'Encarnación de Díaz','JAL');
insert into Ciudades values(null,'Etzatlán','JAL');
insert into Ciudades values(null,'Gómez Farías','JAL');
insert into Ciudades values(null,'Guachinango','JAL');
insert into Ciudades values(null,'Guadalajara','JAL');
insert into Ciudades values(null,'Hostotipaquillo','JAL');
insert into Ciudades values(null,'Huejúcar','JAL');
insert into Ciudades values(null,'Huejuquilla el Alto','JAL');
insert into Ciudades values(null,'Ixtlahuacán de los Membrillos','JAL');
insert into Ciudades values(null,'Ixtlahuacán del Río','JAL');
insert into Ciudades values(null,'Jalostotitlán','JAL');
insert into Ciudades values(null,'Jamay','JAL');
insert into Ciudades values(null,'Jesús María','JAL');
insert into Ciudades values(null,'Jilotlán de los Dolores','JAL');
insert into Ciudades values(null,'Jocotepec','JAL');
insert into Ciudades values(null,'Juanacatlán','JAL');
insert into Ciudades values(null,'Juchitlán','JAL');
insert into Ciudades values(null,'La Barca','JAL');
insert into Ciudades values(null,'Lagos de Moreno','JAL');
insert into Ciudades values(null,'La Manzanilla de la Paz','JAL');
insert into Ciudades values(null,'La Huerta','JAL');
insert into Ciudades values(null,'Magdalena','JAL');
insert into Ciudades values(null,'Mascota','JAL');
insert into Ciudades values(null,'Mazamitla','JAL');
insert into Ciudades values(null,'Mexticacán','JAL');
insert into Ciudades values(null,'Mezquitic','JAL');
insert into Ciudades values(null,'Mixtlán','JAL');
insert into Ciudades values(null,'Ojuelos de Jalisco','JAL');
insert into Ciudades values(null,'Ocotlán ','JAL');
insert into Ciudades values(null,'Pihuamo','JAL');
insert into Ciudades values(null,'Poncitlán','JAL');
insert into Ciudades values(null,'Puerto Vallarta','JAL');
insert into Ciudades values(null,'Quitupan','JAL');
insert into Ciudades values(null,'San Cristóbal de la Barranca','JAL');
insert into Ciudades values(null,'San Diego de Alejandría','JAL');
insert into Ciudades values(null,'San Gabriel','JAL');
insert into Ciudades values(null,'San Ignacio Cerro Gordo ','JAL');
insert into Ciudades values(null,'San Juan de los Lagos','JAL');
insert into Ciudades values(null,'San Juanito de Escobedo','JAL');
insert into Ciudades values(null,'San Julián','JAL');
insert into Ciudades values(null,'San Marcos','JAL');
insert into Ciudades values(null,'San Martín de Bolaños','JAL');
insert into Ciudades values(null,'San Martín Hidalgo','JAL');
insert into Ciudades values(null,'San Miguel el Alto','JAL');
insert into Ciudades values(null,'San Sebastián del Oeste','JAL');
insert into Ciudades values(null,'Santa María de los Ángeles','JAL');
insert into Ciudades values(null,'Santa María del Oro','JAL');
insert into Ciudades values(null,'Sayula','JAL');
insert into Ciudades values(null,'Tala','JAL');
insert into Ciudades values(null,'Talpa de Allende','JAL');
insert into Ciudades values(null,'Tamazula de Gordiano','JAL');
insert into Ciudades values(null,'Tapalpa','JAL');
insert into Ciudades values(null,'Tecalitlán','JAL');
insert into Ciudades values(null,'Techaluta de Montenegro','JAL');
insert into Ciudades values(null,'Tecolotlán','JAL');
insert into Ciudades values(null,'Tenamaxtlán','JAL');
insert into Ciudades values(null,'Teocaltiche','JAL');
insert into Ciudades values(null,'Teocuitatlán de Corona','JAL');
insert into Ciudades values(null,'Tepatitlán de Morelos','JAL');
insert into Ciudades values(null,'Tequila','JAL');
insert into Ciudades values(null,'Teuchitlán','JAL');
insert into Ciudades values(null,'Tizapán el Alto','JAL');
insert into Ciudades values(null,'Tlajomulco de Zúñiga','JAL');
insert into Ciudades values(null,'Tlaquepaque','JAL');
insert into Ciudades values(null,'Tolimán','JAL');
insert into Ciudades values(null,'Tomatlán','JAL');
insert into Ciudades values(null,'Tonalá','JAL');
insert into Ciudades values(null,'Tonaya','JAL');
insert into Ciudades values(null,'Tonila','JAL');
insert into Ciudades values(null,'Totatiche','JAL');
insert into Ciudades values(null,'Tototlán','JAL');
insert into Ciudades values(null,'Tuxcacuesco','JAL');
insert into Ciudades values(null,'Tuxcueca','JAL');
insert into Ciudades values(null,'Tuxpan','JAL');
insert into Ciudades values(null,'Unión de San Antonio','JAL');
insert into Ciudades values(null,'Unión de Tula','JAL');
insert into Ciudades values(null,'Valle de Guadalupe','JAL');
insert into Ciudades values(null,'Valle de Juárez','JAL');
insert into Ciudades values(null,'Villa Corona','JAL');
insert into Ciudades values(null,'Villa Guerrero','JAL');
insert into Ciudades values(null,'Villa Hidalgo','JAL');
insert into Ciudades values(null,'Villa Purificación','JAL');
insert into Ciudades values(null,'Yahualica de González Gallo','JAL');
insert into Ciudades values(null,'Zacoalco de Torres','JAL');
insert into Ciudades values(null,'Zapopan','JAL');
insert into Ciudades values(null,'Zapotiltic','JAL');
insert into Ciudades values(null,'Zapotitlán de Vadillo','JAL');
insert into Ciudades values(null,'Zapotlán del Rey','JAL');
insert into Ciudades values(null,'Zapotlanejo ','JAL');
insert into Ciudades values(null,'Zapotlán el Grande ','JAL');
#end region

#region Mexico
insert into Ciudades values(null,'Acambay','MEX');
insert into Ciudades values(null,'Acolman','MEX');
insert into Ciudades values(null,'Aculco','MEX');
insert into Ciudades values(null,'Almoloya de Alquisiras','MEX');
insert into Ciudades values(null,'Almoloya de Juárez','MEX');
insert into Ciudades values(null,'Almoloya del Río','MEX');
insert into Ciudades values(null,'Amanalco','MEX');
insert into Ciudades values(null,'Amatepec','MEX');
insert into Ciudades values(null,'Amecameca','MEX');
insert into Ciudades values(null,'Apaxco','MEX');
insert into Ciudades values(null,'Atenco','MEX');
insert into Ciudades values(null,'Atizapán','MEX');
insert into Ciudades values(null,'Atizapán de Zaragoza','MEX');
insert into Ciudades values(null,'Atlacomulco','MEX');
insert into Ciudades values(null,'Atlautla','MEX');
insert into Ciudades values(null,'Axapusco','MEX');
insert into Ciudades values(null,'Ayapango','MEX');
insert into Ciudades values(null,'Calimaya','MEX');
insert into Ciudades values(null,'Capulhuac','MEX');
insert into Ciudades values(null,'Chalco','MEX');
insert into Ciudades values(null,'Chapa de Mota','MEX');
insert into Ciudades values(null,'Chapultepec','MEX');
insert into Ciudades values(null,'Chiautla','MEX');
insert into Ciudades values(null,'Chicoloapan','MEX');
insert into Ciudades values(null,'Chiconcuac','MEX');
insert into Ciudades values(null,'Chimalhuacán','MEX');
insert into Ciudades values(null,'Coacalco de Berriozábal','MEX');
insert into Ciudades values(null,'Coatepec Harinas','MEX');
insert into Ciudades values(null,'Cocotitlán','MEX');
insert into Ciudades values(null,'Coyotepec','MEX');
insert into Ciudades values(null,'Cuautitlán','MEX');
insert into Ciudades values(null,'Cuautitlán Izcalli','MEX');
insert into Ciudades values(null,'Donato Guerra','MEX');
insert into Ciudades values(null,'Ecatepec de Morelos','MEX');
insert into Ciudades values(null,'Ecatzingo','MEX');
insert into Ciudades values(null,'El Oro','MEX');
insert into Ciudades values(null,'Huehuetoca','MEX');
insert into Ciudades values(null,'Hueypoxtla','MEX');
insert into Ciudades values(null,'Huixquilucan','MEX');
insert into Ciudades values(null,'Isidro Fabela','MEX');
insert into Ciudades values(null,'Ixtapaluca','MEX');
insert into Ciudades values(null,'Ixtapan de la Sal','MEX');
insert into Ciudades values(null,'Ixtapan del Oro','MEX');
insert into Ciudades values(null,'Ixtlahuaca','MEX');
insert into Ciudades values(null,'Jaltenco','MEX');
insert into Ciudades values(null,'Jilotepec','MEX');
insert into Ciudades values(null,'Jilotzingo','MEX');
insert into Ciudades values(null,'Jiquipilco','MEX');
insert into Ciudades values(null,'Jocotitlán','MEX');
insert into Ciudades values(null,'Joquicingo','MEX');
insert into Ciudades values(null,'Juchitepec','MEX');
insert into Ciudades values(null,'La Paz','MEX');
insert into Ciudades values(null,'Lerma','MEX');
insert into Ciudades values(null,'Luvianos','MEX');
insert into Ciudades values(null,'Malinalco','MEX');
insert into Ciudades values(null,'Melchor Ocampo','MEX');
insert into Ciudades values(null,'Metepec','MEX');
insert into Ciudades values(null,'Mexicaltzingo','MEX');
insert into Ciudades values(null,'Morelos','MEX');
insert into Ciudades values(null,'Naucalpan de Juárez','MEX');
insert into Ciudades values(null,'Nextlalpan','MEX');
insert into Ciudades values(null,'Nezahualcoyotl','MEX');
insert into Ciudades values(null,'Nicolás Romero','MEX');
insert into Ciudades values(null,'Nopaltepec','MEX');
insert into Ciudades values(null,'Ocoyoacac','MEX');
insert into Ciudades values(null,'Ocuilan','MEX');
insert into Ciudades values(null,'Otumba','MEX');
insert into Ciudades values(null,'Otzoloapan','MEX');
insert into Ciudades values(null,'Otzolotepec','MEX');
insert into Ciudades values(null,'Ozumba','MEX');
insert into Ciudades values(null,'Papalotla','MEX');
insert into Ciudades values(null,'Polotitlán','MEX');
insert into Ciudades values(null,'Rayón','MEX');
insert into Ciudades values(null,'San Antonio la Isla','MEX');
insert into Ciudades values(null,'San Felipe del Progreso','MEX');
insert into Ciudades values(null,'San José del Rincón','MEX');
insert into Ciudades values(null,'San Martín de las Pirámides','MEX');
insert into Ciudades values(null,'San Mateo Atenco','MEX');
insert into Ciudades values(null,'San Simón de Guerrero','MEX');
insert into Ciudades values(null,'Santo Tomás','MEX');
insert into Ciudades values(null,'Soyaniquilpan de Juárez','MEX');
insert into Ciudades values(null,'Sultepec','MEX');
insert into Ciudades values(null,'Tecámac','MEX');
insert into Ciudades values(null,'Tejupilco','MEX');
insert into Ciudades values(null,'Temamatla','MEX');
insert into Ciudades values(null,'Temascalapa','MEX');
insert into Ciudades values(null,'Temascalcingo','MEX');
insert into Ciudades values(null,'Temascaltepec','MEX');
insert into Ciudades values(null,'Temoaya','MEX');
insert into Ciudades values(null,'Tenancingo','MEX');
insert into Ciudades values(null,'Tenango del Aire','MEX');
insert into Ciudades values(null,'Tenango del Valle','MEX');
insert into Ciudades values(null,'Teoloyucán','MEX');
insert into Ciudades values(null,'Teotihuacán','MEX');
insert into Ciudades values(null,'Tepetlaoxtoc','MEX');
insert into Ciudades values(null,'Tepetlixpa','MEX');
insert into Ciudades values(null,'Tepotzotlán','MEX');
insert into Ciudades values(null,'Tequixquiac','MEX');
insert into Ciudades values(null,'Texcaltitlán','MEX');
insert into Ciudades values(null,'Texcalyacac','MEX');
insert into Ciudades values(null,'Texcoco','MEX');
insert into Ciudades values(null,'Tezoyuca','MEX');
insert into Ciudades values(null,'Tianguistenco','MEX');
insert into Ciudades values(null,'Timilpan','MEX');
insert into Ciudades values(null,'Tlalmanalco','MEX');
insert into Ciudades values(null,'Tlalnepantla de Baz','MEX');
insert into Ciudades values(null,'Tlatlaya','MEX');
insert into Ciudades values(null,'Toluca','MEX');
insert into Ciudades values(null,'Tonanitla','MEX');
insert into Ciudades values(null,'Tonatico','MEX');
insert into Ciudades values(null,'Tultepec','MEX');
insert into Ciudades values(null,'Tultitlán','MEX');
insert into Ciudades values(null,'Valle de Bravo','MEX');
insert into Ciudades values(null,'Valle de Chalco Solidaridad','MEX');
insert into Ciudades values(null,'Villa de Allende','MEX');
insert into Ciudades values(null,'Villa del Carbón','MEX');
insert into Ciudades values(null,'Villa Guerrero','MEX');
insert into Ciudades values(null,'Villa Victoria','MEX');
insert into Ciudades values(null,'Xalatlaco','MEX');
insert into Ciudades values(null,'Xonacatlán','MEX');
insert into Ciudades values(null,'Zacazonapan','MEX');
insert into Ciudades values(null,'Zacualpan','MEX');
insert into Ciudades values(null,'Zinacantepec','MEX');
insert into Ciudades values(null,'Zumpahuacán','MEX');
insert into Ciudades values(null,'Zumpango','MEX');
#end region

#region Michoacan
insert into Ciudades values(null,'Acuitzio','MIC');
insert into Ciudades values(null,'Aguililla','MIC');
insert into Ciudades values(null,'Álvaro Obregón','MIC');
insert into Ciudades values(null,'Angamacutiro','MIC');
insert into Ciudades values(null,'Angangueo','MIC');
insert into Ciudades values(null,'Apatzingán','MIC');
insert into Ciudades values(null,'Aporo','MIC');
insert into Ciudades values(null,'Aquila','MIC');
insert into Ciudades values(null,'Ario de Rosales','MIC');
insert into Ciudades values(null,'Arteaga Riseñas','MIC');
insert into Ciudades values(null,'Briseñas','MIC');
insert into Ciudades values(null,'Buenavista','MIC');
insert into Ciudades values(null,'Carácuaro','MIC');
insert into Ciudades values(null,'Charapan','MIC');
insert into Ciudades values(null,'Charo','MIC');
insert into Ciudades values(null,'Chavinda','MIC');
insert into Ciudades values(null,'Cherán','MIC');
insert into Ciudades values(null,'Chilchota','MIC');
insert into Ciudades values(null,'Chuinicuila','MIC');
insert into Ciudades values(null,'Chucándiro','MIC');
insert into Ciudades values(null,'Churintzio','MIC');
insert into Ciudades values(null,'Churumuco','MIC');
insert into Ciudades values(null,'Coahuayana','MIC');
insert into Ciudades values(null,'Coalcomán de Vázquez Pallares','MIC');
insert into Ciudades values(null,'Coeneo','MIC');
insert into Ciudades values(null,'Cojumatlán de Régules','MIC');
insert into Ciudades values(null,'Contepec','MIC');
insert into Ciudades values(null,'Copándaro','MIC');
insert into Ciudades values(null,'Cotija','MIC');
insert into Ciudades values(null,'Cuitzeo','MIC');
insert into Ciudades values(null,'Escuandureo','MIC');
insert into Ciudades values(null,'Epitacio Huerta','MIC');
insert into Ciudades values(null,'Erongarícuaro','MIC');
insert into Ciudades values(null,'Gabriel Zamora','MIC');
insert into Ciudades values(null,'Hidalgo','MIC');
insert into Ciudades values(null,'Huandacareo','MIC');
insert into Ciudades values(null,'Huaniqueo','MIC');
insert into Ciudades values(null,'Huetamo','MIC');
insert into Ciudades values(null,'Huiramba','MIC');
insert into Ciudades values(null,'Indaparapeo','MIC');
insert into Ciudades values(null,'Irimbo','MIC');
insert into Ciudades values(null,'Ixtlán','MIC');
insert into Ciudades values(null,'Jacona','MIC');
insert into Ciudades values(null,'Jiménez','MIC');
insert into Ciudades values(null,'Jiquilpan','MIC');
insert into Ciudades values(null,'José Sixto Verduzco','MIC');
insert into Ciudades values(null,'Juárez','MIC');
insert into Ciudades values(null,'Jungapeo','MIC');
insert into Ciudades values(null,'La Huacana','MIC');
insert into Ciudades values(null,'La Piedad','MIC');
insert into Ciudades values(null,'Lagunillas','MIC');
insert into Ciudades values(null,'Lázaro Cárdenas','MIC');
insert into Ciudades values(null,'Los Reyes','MIC');
insert into Ciudades values(null,'Madero','MIC');
insert into Ciudades values(null,'Maravatío','MIC');
insert into Ciudades values(null,'Marcos Castellanos','MIC');
insert into Ciudades values(null,'Morelia','MIC');
insert into Ciudades values(null,'Morelos','MIC');
insert into Ciudades values(null,'Múgica','MIC');
insert into Ciudades values(null,'Nahuatzen','MIC');
insert into Ciudades values(null,'Nocupétaro','MIC');
insert into Ciudades values(null,'Nuevo Parangaricutiro','MIC');
insert into Ciudades values(null,'Nuevo Urecho','MIC');
insert into Ciudades values(null,'Numarán','MIC');
insert into Ciudades values(null,'Ocampo','MIC');
insert into Ciudades values(null,'Pajacuarán','MIC');
insert into Ciudades values(null,'Panindícuaro','MIC');
insert into Ciudades values(null,'Paracho','MIC');
insert into Ciudades values(null,'Parácuaro','MIC');
insert into Ciudades values(null,'Pátzcuaro','MIC');
insert into Ciudades values(null,'Penjamillo','MIC');
insert into Ciudades values(null,'Peribán','MIC');
insert into Ciudades values(null,'Purépero','MIC');
insert into Ciudades values(null,'Puruándiro','MIC');
insert into Ciudades values(null,'Queréndaro','MIC');
insert into Ciudades values(null,'Quiroga','MIC');
insert into Ciudades values(null,'Sahuayo','MIC');
insert into Ciudades values(null,'Salvador Escalante','MIC');
insert into Ciudades values(null,'San Lucas','MIC');
insert into Ciudades values(null,'Santa Ana Maya','MIC');
insert into Ciudades values(null,'Senguio','MIC');
insert into Ciudades values(null,'Susupuato','MIC');
insert into Ciudades values(null,'Tancítaro','MIC');
insert into Ciudades values(null,'Tangamandapio','MIC');
insert into Ciudades values(null,'Tangancícuaro','MIC');
insert into Ciudades values(null,'Tanhuato','MIC');
insert into Ciudades values(null,'Taretan','MIC');
insert into Ciudades values(null,'Tarímbaro','MIC');
insert into Ciudades values(null,'Tepalcatepec','MIC');
insert into Ciudades values(null,'Tingüindín','MIC');
insert into Ciudades values(null,'Tingambato','MIC');
insert into Ciudades values(null,'Tiquicheo de Nicolás Romero','MIC');
insert into Ciudades values(null,'Tlalpujahua','MIC');
insert into Ciudades values(null,'Tlazazalca','MIC');
insert into Ciudades values(null,'Tocumbo','MIC');
insert into Ciudades values(null,'Tumbiscatío','MIC');
insert into Ciudades values(null,'Turicato','MIC');
insert into Ciudades values(null,'Tuxpan','MIC');
insert into Ciudades values(null,'Tuzantla','MIC');
insert into Ciudades values(null,'Tzintzuntzan','MIC');
insert into Ciudades values(null,'Tzitzio','MIC');
insert into Ciudades values(null,'Uruapan','MIC');
insert into Ciudades values(null,'Venustiano Carranza','MIC');
insert into Ciudades values(null,'Villamar','MIC');
insert into Ciudades values(null,'Vista Hermosa','MIC');
insert into Ciudades values(null,'Yurécuaro','MIC');
insert into Ciudades values(null,'Zacapu','MIC');
insert into Ciudades values(null,'Zamora','MIC');
insert into Ciudades values(null,'Zináparo','MIC');
insert into Ciudades values(null,'Zinapécuaro','MIC');
insert into Ciudades values(null,'Ziracuaretiro','MIC');
insert into Ciudades values(null,'Zitácuaro','MIC');
#end region

#region Morelia
insert into Ciudades values(null,'Amacuzac','MOR');
insert into Ciudades values(null,'Atlatlahucan','MOR');
insert into Ciudades values(null,'Axochiapan','MOR');
insert into Ciudades values(null,'Ayala','MOR');
insert into Ciudades values(null,'Coatlán del Río','MOR');
insert into Ciudades values(null,'Cuautla','MOR');
insert into Ciudades values(null,'Cuernavaca','MOR');
insert into Ciudades values(null,'Emiliano Zapata','MOR');
insert into Ciudades values(null,'Huitzilac','MOR');
insert into Ciudades values(null,'Jantetelco','MOR');
insert into Ciudades values(null,'Jiutepec','MOR');
insert into Ciudades values(null,'Jojutla','MOR');
insert into Ciudades values(null,'Jonacatepec','MOR');
insert into Ciudades values(null,'Mazatepec','MOR');
insert into Ciudades values(null,'Miacatlán','MOR');
insert into Ciudades values(null,'Ocuituco','MOR');
insert into Ciudades values(null,'Puente de Ixtla','MOR');
insert into Ciudades values(null,'Temixco','MOR');
insert into Ciudades values(null,'Temoac','MOR');
insert into Ciudades values(null,'Tepalcingo','MOR');
insert into Ciudades values(null,'Tepoztlán','MOR');
insert into Ciudades values(null,'Tetecala','MOR');
insert into Ciudades values(null,'Tetela del Volcán','MOR');
insert into Ciudades values(null,'Tlalnepantla','MOR');
insert into Ciudades values(null,'Tlaltizapán de Zapata','MOR');
insert into Ciudades values(null,'Tlaquiltenango','MOR');
insert into Ciudades values(null,'Tlayacapan','MOR');
insert into Ciudades values(null,'Totolapan','MOR');
insert into Ciudades values(null,'Xochitepec','MOR');
insert into Ciudades values(null,'Yautepec de Zaragoza','MOR');
insert into Ciudades values(null,'Yecapixtla','MOR');
insert into Ciudades values(null,'Zacatepec de Hidalgo','MOR');
insert into Ciudades values(null,'Zacualpan de Amilpas','MOR');
#end region

#region Nayarit
insert into Ciudades values(null,'Acaponeta','NAY');
insert into Ciudades values(null,'Ahuacatlán','NAY');
insert into Ciudades values(null,'Amatlán de Cañas','NAY');
insert into Ciudades values(null,'Bahía de Banderas','NAY');
insert into Ciudades values(null,'Compostela','NAY');
insert into Ciudades values(null,'El Nayar','NAY');
insert into Ciudades values(null,'Huajicori','NAY');
insert into Ciudades values(null,'Ixtlán del Río','NAY');
insert into Ciudades values(null,'Jala','NAY');
insert into Ciudades values(null,'La Yesca','NAY');
insert into Ciudades values(null,'Rosamorada','NAY');
insert into Ciudades values(null,'Ruíz','NAY');
insert into Ciudades values(null,'San Blas','NAY');
insert into Ciudades values(null,'San Pedro Lagunillas','NAY');
insert into Ciudades values(null,'Santa María del Oro','NAY');
insert into Ciudades values(null,'Santiago Ixcuintla','NAY');
insert into Ciudades values(null,'Tecuala','NAY');
insert into Ciudades values(null,'Tepic','NAY');
insert into Ciudades values(null,'Tuxpan','NAY');
insert into Ciudades values(null,'Xalisco','NAY');
#end region

#region Nuevo Leon
insert into Ciudades values(null,'Abasolo','NLE');
insert into Ciudades values(null,'Agualeguas','NLE');
insert into Ciudades values(null,'Allende','NLE');
insert into Ciudades values(null,'Anáhuac','NLE');
insert into Ciudades values(null,'Apodaca','NLE');
insert into Ciudades values(null,'Aramberri','NLE');
insert into Ciudades values(null,'Bustamante','NLE');
insert into Ciudades values(null,'Cadereyta Jiménez','NLE');
insert into Ciudades values(null,'Cerralvo','NLE');
insert into Ciudades values(null,'China','NLE');
insert into Ciudades values(null,'Ciénega de Flores','NLE');
insert into Ciudades values(null,'Doctor Arroyo','NLE');
insert into Ciudades values(null,'Doctor Coss','NLE');
insert into Ciudades values(null,'Doctor González','NLE');
insert into Ciudades values(null,'El Carmen','NLE');
insert into Ciudades values(null,'Galeana','NLE');
insert into Ciudades values(null,'García','NLE');
insert into Ciudades values(null,'General Bravo','NLE');
insert into Ciudades values(null,'General Escobedo','NLE');
insert into Ciudades values(null,'General Terán','NLE');
insert into Ciudades values(null,'General Treviño','NLE');
insert into Ciudades values(null,'General Zaragoza','NLE');
insert into Ciudades values(null,'General Zuazua','NLE');
insert into Ciudades values(null,'Guadalupe','NLE');
insert into Ciudades values(null,'Hidalgo','NLE');
insert into Ciudades values(null,'Higueras','NLE');
insert into Ciudades values(null,'Hualahuises','NLE');
insert into Ciudades values(null,'Iturbide','NLE');
insert into Ciudades values(null,'Juárez','NLE');
insert into Ciudades values(null,'Lampazos de Naranjo','NLE');
insert into Ciudades values(null,'Linares','NLE');
insert into Ciudades values(null,'Los Aldamas','NLE');
insert into Ciudades values(null,'Los Herreras','NLE');
insert into Ciudades values(null,'Los Ramones','NLE');
insert into Ciudades values(null,'Marín','NLE');
insert into Ciudades values(null,'Melchor Ocampo','NLE');
insert into Ciudades values(null,'Mier y Noriega','NLE');
insert into Ciudades values(null,'Mina','NLE');
insert into Ciudades values(null,'Montemorelos','NLE');
insert into Ciudades values(null,'Monterrey','NLE');
insert into Ciudades values(null,'Parás','NLE');
insert into Ciudades values(null,'Pesquería','NLE');
insert into Ciudades values(null,'Rayones','NLE');
insert into Ciudades values(null,'Sabinas Hidalgo','NLE');
insert into Ciudades values(null,'Salinas Victoria','NLE');
insert into Ciudades values(null,'San Nicolás de los Garza','NLE');
insert into Ciudades values(null,'San Pedro Garza García','NLE');
insert into Ciudades values(null,'Santa Catarina','NLE');
insert into Ciudades values(null,'Santiago','NLE');
insert into Ciudades values(null,'Vallecillo','NLE');
insert into Ciudades values(null,'Villaldama','NLE');
#end region

#region Oaxaca
insert into Ciudades values(null,'Abejones','OAX');
insert into Ciudades values(null,'Acatlán de Pérez Figueroa','OAX');
insert into Ciudades values(null,'Ánimas Trujano','OAX');
insert into Ciudades values(null,'Asunción Cacalotepec','OAX');
insert into Ciudades values(null,'Asunción Cuyotepeji','OAX');
insert into Ciudades values(null,'Asunción Ixtaltepec','OAX');
insert into Ciudades values(null,'Asunción Nochixtlán','OAX');
insert into Ciudades values(null,'Asunción Ocotlán','OAX');
insert into Ciudades values(null,'Asunción Tlacolulita','OAX');
insert into Ciudades values(null,'Ayoquezco de Aldama','OAX');
insert into Ciudades values(null,'Ayotzintepec','OAX');
insert into Ciudades values(null,'Calihualá','OAX');
insert into Ciudades values(null,'Candelaria Loxicha','OAX');
insert into Ciudades values(null,'Capulalpam de Méndez','OAX');
insert into Ciudades values(null,'Chahuites','OAX');
insert into Ciudades values(null,'Chalcatongo de Hidalgo','OAX');
insert into Ciudades values(null,'Chiquihuitlán de Benito Juárez','OAX');
insert into Ciudades values(null,'Ciénega de Zimatlán','OAX');
insert into Ciudades values(null,'Ciudad Ixtepec','OAX');
insert into Ciudades values(null,'Coatecas Altas','OAX');
insert into Ciudades values(null,'Coicoyán de las Flores','OAX');
insert into Ciudades values(null,'Concepción Buenavista','OAX');
insert into Ciudades values(null,'Concepción Pápalo','OAX');
insert into Ciudades values(null,'Constancia del Rosario','OAX');
insert into Ciudades values(null,'Cosolapa','OAX');
insert into Ciudades values(null,'Cosoltepec','OAX');
insert into Ciudades values(null,'Cuilapam de Guerrero','OAX');
insert into Ciudades values(null,'Cuyamecalco Villa de Zaragoza','OAX');
insert into Ciudades values(null,'El Barrio de la Soledad','OAX');
insert into Ciudades values(null,'El Espinal','OAX');
insert into Ciudades values(null,'Eloxochitlán de Flores Magón','OAX');
insert into Ciudades values(null,'Fresnillo de Trujano','OAX');
insert into Ciudades values(null,'Guadalupe de Ramírez','OAX');
insert into Ciudades values(null,'Guadalupe Etla','OAX');
insert into Ciudades values(null,'Guelatao de Juárez','OAX');
insert into Ciudades values(null,'Guevea de Humboldt','OAX');
insert into Ciudades values(null,'Heróica Ciudad de Ejutla de Crespo','OAX');
insert into Ciudades values(null,'Heróica Ciudad de Huajuapan de León','OAX');
insert into Ciudades values(null,'Heróica Ciudad de Tlaxiaco','OAX');
insert into Ciudades values(null,'Huautepec','OAX');
insert into Ciudades values(null,'Huautla de Jiménez','OAX');
insert into Ciudades values(null,'Ixpantepec Nieves','OAX');
insert into Ciudades values(null,'Ixtlán de Juárez','OAX');
insert into Ciudades values(null,'Juchitán de Zaragoza','OAX');
insert into Ciudades values(null,'La Compañía','OAX');
insert into Ciudades values(null,'La Pe','OAX');
insert into Ciudades values(null,'La Reforma','OAX');
insert into Ciudades values(null,'La Trinidad Vista Hermosa','OAX');
insert into Ciudades values(null,'Loma Bonita','OAX');
insert into Ciudades values(null,'Magdalena Apasco','OAX');
insert into Ciudades values(null,'Magdalena Jaltepec','OAX');
insert into Ciudades values(null,'Magdalena Mixtepec','OAX');
insert into Ciudades values(null,'Magdalena Ocotlán','OAX');
insert into Ciudades values(null,'Magdalena Peñasco','OAX');
insert into Ciudades values(null,'Magdalena Teitipac','OAX');
insert into Ciudades values(null,'Magdalena Tequisistlán','OAX');
insert into Ciudades values(null,'Magdalena Tlacotepec','OAX');
insert into Ciudades values(null,'Magdalena Yodocono de Porfirio Díaz','OAX');
insert into Ciudades values(null,'Magdalena Zahuatlán','OAX');
insert into Ciudades values(null,'Mariscala de Juárez','OAX');
insert into Ciudades values(null,'Mártires de Tacubaya','OAX');
insert into Ciudades values(null,'Matías Romero Avendaño','OAX');
insert into Ciudades values(null,'Mazatlán Villa de Flores','OAX');
insert into Ciudades values(null,'Mesones Hidalgo','OAX');
insert into Ciudades values(null,'Miahuatlán de Porfirio Díaz','OAX');
insert into Ciudades values(null,'Mixistlán de la Reforma','OAX');
insert into Ciudades values(null,'Monjas','OAX');
insert into Ciudades values(null,'Natividad','OAX');
insert into Ciudades values(null,'Nazareno Etla','OAX');
insert into Ciudades values(null,'Nejapa de Madero','OAX');
insert into Ciudades values(null,'Nuevo Zoquiapam','OAX');
insert into Ciudades values(null,'Oaxaca de Juárez','OAX');
insert into Ciudades values(null,'Ocotlán de Morelos','OAX');
insert into Ciudades values(null,'Pinotepa de Don Luis','OAX');
insert into Ciudades values(null,'Pluma Hidalgo','OAX');
insert into Ciudades values(null,'Putla Villa de Guerrero','OAX');
insert into Ciudades values(null,'Reforma de Pineda','OAX');
insert into Ciudades values(null,'Reyes Etla','OAX');
insert into Ciudades values(null,'Rojas de Cuauhtémoc','OAX');
insert into Ciudades values(null,'Salina Cruz','OAX');
insert into Ciudades values(null,'San Agustín Amatengo','OAX');
insert into Ciudades values(null,'San Agustín Atenango','OAX');
insert into Ciudades values(null,'San Agustín Chayuco','OAX');
insert into Ciudades values(null,'San Agustín de las Juntas','OAX');
insert into Ciudades values(null,'San Agustín Etla','OAX');
insert into Ciudades values(null,'San Agustín Loxicha','OAX');
insert into Ciudades values(null,'San Agustín Tlacotepec','OAX');
insert into Ciudades values(null,'San Agustín Yatareni','OAX');
insert into Ciudades values(null,'San Andrés Cabecera Nueva','OAX');
insert into Ciudades values(null,'San Andrés Dinicuiti','OAX');
insert into Ciudades values(null,'San Andrés Huaxpaltepec','OAX');
insert into Ciudades values(null,'San Andrés Huayapam','OAX');
insert into Ciudades values(null,'San Andrés Ixtlahuaca','OAX');
insert into Ciudades values(null,'San Andrés Lagunas','OAX');
insert into Ciudades values(null,'San Andrés Nuxiño','OAX');
insert into Ciudades values(null,'San Andrés Paxtlán','OAX');
insert into Ciudades values(null,'San Andrés Sinaxtla','OAX');
insert into Ciudades values(null,'San Andrés Solaga','OAX');
insert into Ciudades values(null,'San Andrés Teotilalpam','OAX');
insert into Ciudades values(null,'San Andrés Tepetlapa','OAX');
insert into Ciudades values(null,'San Andrés Yaa','OAX');
insert into Ciudades values(null,'San Andrés Zabache','OAX');
insert into Ciudades values(null,'San Andrés Zautla','OAX');
insert into Ciudades values(null,'San Antonino Castillo Velasco','OAX');
insert into Ciudades values(null,'San Antonino el Alto','OAX');
insert into Ciudades values(null,'San Antonino Monteverde','OAX');
insert into Ciudades values(null,'San Antonio Acutla','OAX');
insert into Ciudades values(null,'San Antonio de la Cal','OAX');
insert into Ciudades values(null,'San Antonio Huitepec','OAX');
insert into Ciudades values(null,'San Antonio Nanahuatipam','OAX');
insert into Ciudades values(null,'San Antonio Sinicahua','OAX');
insert into Ciudades values(null,'San Antonio Tepetlapa','OAX');
insert into Ciudades values(null,'San Baltazar Chichicápam','OAX');
insert into Ciudades values(null,'San Baltazar Loxicha','OAX');
insert into Ciudades values(null,'San Baltazar Yatzachi el Bajo','OAX');
insert into Ciudades values(null,'San Bartolo Coyotepec','OAX');
insert into Ciudades values(null,'San Bartolo Soyaltepec','OAX');
insert into Ciudades values(null,'San Bartolo Yautepec','OAX');
insert into Ciudades values(null,'San Bartolomé Ayautla','OAX');
insert into Ciudades values(null,'San Bartolomé Loxicha','OAX');
insert into Ciudades values(null,'San Bartolomé Quialana','OAX');
insert into Ciudades values(null,'San Bartolomé Yucuañe','OAX');
insert into Ciudades values(null,'San Bartolomé Zoogocho','OAX');
insert into Ciudades values(null,'San Bernardo Mixtepec','OAX');
insert into Ciudades values(null,'San Blas Atempa','OAX');
insert into Ciudades values(null,'San Carlos Yautepec','OAX');
insert into Ciudades values(null,'San Cristóbal Amatlán','OAX');
insert into Ciudades values(null,'San Cristóbal Amoltepec','OAX');
insert into Ciudades values(null,'San Cristóbal Lachirioag','OAX');
insert into Ciudades values(null,'San Cristóbal Suchixtlahuaca','OAX');
insert into Ciudades values(null,'San Dionisio del Mar','OAX');
insert into Ciudades values(null,'San Dionisio Ocotepec','OAX');
insert into Ciudades values(null,'San Dionisio Ocotlán','OAX');
insert into Ciudades values(null,'San Esteban Atatlahuca','OAX');
insert into Ciudades values(null,'San Felipe Jalapa de Díaz','OAX');
insert into Ciudades values(null,'San Felipe Tejalapam','OAX');
insert into Ciudades values(null,'San Felipe Usila','OAX');
insert into Ciudades values(null,'San Francisco Cahuacuá','OAX');
insert into Ciudades values(null,'San Francisco Cajonos','OAX');
insert into Ciudades values(null,'San Francisco Chapulapa','OAX');
insert into Ciudades values(null,'San Francisco Chindua','OAX');
insert into Ciudades values(null,'San Francisco del Mar','OAX');
insert into Ciudades values(null,'San Francisco Huehuetlán','OAX');
insert into Ciudades values(null,'San Francisco Ixhuatán','OAX');
insert into Ciudades values(null,'San Francisco Jaltepetongo','OAX');
insert into Ciudades values(null,'San Francisco Lachigoló','OAX');
insert into Ciudades values(null,'San Francisco Logueche','OAX');
insert into Ciudades values(null,'San Francisco Nuxaño','OAX');
insert into Ciudades values(null,'San Francisco Ozolotepec','OAX');
insert into Ciudades values(null,'San Francisco Sola','OAX');
insert into Ciudades values(null,'San Francisco Telixtlahuaca','OAX');
insert into Ciudades values(null,'San Francisco Teopan','OAX');
insert into Ciudades values(null,'San Francisco Tlapancingo','OAX');
insert into Ciudades values(null,'San Gabriel Mixtepec','OAX');
insert into Ciudades values(null,'San Ildefonso Amatlán','OAX');
insert into Ciudades values(null,'San Ildefonso Sola','OAX');
insert into Ciudades values(null,'San Ildefonso Villa Alta','OAX');
insert into Ciudades values(null,'San Jacinto Amilpas','OAX');
insert into Ciudades values(null,'San Jacinto Tlacotepec','OAX');
insert into Ciudades values(null,'San Jerónimo Coatlán','OAX');
insert into Ciudades values(null,'San Jerónimo Silacayoapilla','OAX');
insert into Ciudades values(null,'San Jerónimo Sosola','OAX');
insert into Ciudades values(null,'San Jerónimo Taviche','OAX');
insert into Ciudades values(null,'San Jerónimo Tecoatl','OAX');
insert into Ciudades values(null,'San Jerónimo Tlacochahuaya','OAX');
insert into Ciudades values(null,'San Jorge Nuchita','OAX');
insert into Ciudades values(null,'San José Ayuquila','OAX');
insert into Ciudades values(null,'San José Chiltepec','OAX');
insert into Ciudades values(null,'San José del Peñasco','OAX');
insert into Ciudades values(null,'San José del Progreso','OAX');
insert into Ciudades values(null,'San José Estancia Grande','OAX');
insert into Ciudades values(null,'San José Independencia','OAX');
insert into Ciudades values(null,'San José Lachiguiri','OAX');
insert into Ciudades values(null,'San José Tenango','OAX');
insert into Ciudades values(null,'San Juan Achiutla','OAX');
insert into Ciudades values(null,'San Juan Atepec','OAX');
insert into Ciudades values(null,'San Juan Bautista Atatlahuca','OAX');
insert into Ciudades values(null,'San Juan Bautista Coixtlahuaca','OAX');
insert into Ciudades values(null,'San Juan Bautista Cuicatlán','OAX');
insert into Ciudades values(null,'San Juan Bautista Guelache','OAX');
insert into Ciudades values(null,'San Juan Bautista Jayacatlán','OAX');
insert into Ciudades values(null,'San Juan Bautista Lo de Soto','OAX');
insert into Ciudades values(null,'San Juan Bautista Suchitepec','OAX');
insert into Ciudades values(null,'San Juan Bautista Tlacoatzintepec','OAX');
insert into Ciudades values(null,'San Juan Bautista Tlachichilco','OAX');
insert into Ciudades values(null,'San Juan Bautista Tuxtepec','OAX');
insert into Ciudades values(null,'San Juan Bautista Valle Nacional','OAX');
insert into Ciudades values(null,'San Juan Cacahuatepec','OAX');
insert into Ciudades values(null,'San Juan Chicomezúchil','OAX');
insert into Ciudades values(null,'San Juan Chilateca','OAX');
insert into Ciudades values(null,'San Juan Cieneguilla','OAX');
insert into Ciudades values(null,'San Juan Coatzóspam','OAX');
insert into Ciudades values(null,'San Juan Colorado','OAX');
insert into Ciudades values(null,'San Juan Comaltepec','OAX');
insert into Ciudades values(null,'San Juan Cotzocón','OAX');
insert into Ciudades values(null,'San Juan del Estado','OAX');
insert into Ciudades values(null,'San Juan de los Cués','OAX');
insert into Ciudades values(null,'San Juan del Río','OAX');
insert into Ciudades values(null,'San Juan Diuxi','OAX');
insert into Ciudades values(null,'San Juan Evangelista Analco','OAX');
insert into Ciudades values(null,'San Juan Guelavia','OAX');
insert into Ciudades values(null,'San Juan Guichicovi','OAX');
insert into Ciudades values(null,'San Juan Ihualtepec','OAX');
insert into Ciudades values(null,'San Juan Juquila Mixes','OAX');
insert into Ciudades values(null,'San Juan Juquila Vijanos','OAX');
insert into Ciudades values(null,'San Juan Lachao','OAX');
insert into Ciudades values(null,'San Juan Lachigalla','OAX');
insert into Ciudades values(null,'San Juan Lajarcia','OAX');
insert into Ciudades values(null,'San Juan Lalana','OAX');
insert into Ciudades values(null,'San Juan Mazatlán','OAX');
insert into Ciudades values(null,'San Juan Mixtepec, distrito 08','OAX');
insert into Ciudades values(null,'San Juan Mixtepec, distrito 26','OAX');
insert into Ciudades values(null,'San Juan Ñumi','OAX');
insert into Ciudades values(null,'San Juan Ozolotepec','OAX');
insert into Ciudades values(null,'San Juan Petlapa','OAX');
insert into Ciudades values(null,'San Juan Quiahije','OAX');
insert into Ciudades values(null,'San Juan Quiotepec','OAX');
insert into Ciudades values(null,'San Juan Sayultepec','OAX');
insert into Ciudades values(null,'San Juan Tabaá','OAX');
insert into Ciudades values(null,'San Juan Tamazola','OAX');
insert into Ciudades values(null,'San Juan Teita','OAX');
insert into Ciudades values(null,'San Juan Teitipac','OAX');
insert into Ciudades values(null,'San Juan Tepeuxila','OAX');
insert into Ciudades values(null,'San Juan Teposcolula','OAX');
insert into Ciudades values(null,'San Juan Yaeé','OAX');
insert into Ciudades values(null,'San Juan Yatzona','OAX');
insert into Ciudades values(null,'San Juan Yucuita','OAX');
insert into Ciudades values(null,'San Lorenzo','OAX');
insert into Ciudades values(null,'San Lorenzo Albarradas','OAX');
insert into Ciudades values(null,'San Lorenzo Cacaotepec','OAX');
insert into Ciudades values(null,'San Lorenzo Cuaunecuiltitla','OAX');
insert into Ciudades values(null,'San Lorenzo Texmelucan','OAX');
insert into Ciudades values(null,'San Lorenzo Victoria','OAX');
insert into Ciudades values(null,'San Lucas Camotlán','OAX');
insert into Ciudades values(null,'San Lucas Ojitlán','OAX');
insert into Ciudades values(null,'San Lucas Quiaviní','OAX');
insert into Ciudades values(null,'San Lucas Zoquiápam','OAX');
insert into Ciudades values(null,'San Luis Amatlán','OAX');
insert into Ciudades values(null,'San Marcial Ozolotepec','OAX');
insert into Ciudades values(null,'San Marcos Arteaga','OAX');
insert into Ciudades values(null,'San Martín de los Cansecos','OAX');
insert into Ciudades values(null,'San Martín Huamelúlpam','OAX');
insert into Ciudades values(null,'San Martín Itunyoso','OAX');
insert into Ciudades values(null,'San Martín Lachilá','OAX');
insert into Ciudades values(null,'San Martín Peras','OAX');
insert into Ciudades values(null,'San Martín Tilcajete','OAX');
insert into Ciudades values(null,'San Martín Toxpalan','OAX');
insert into Ciudades values(null,'San Martín Zacatepec','OAX');
insert into Ciudades values(null,'San Mateo Cajonos','OAX');
insert into Ciudades values(null,'San Mateo del Mar','OAX');
insert into Ciudades values(null,'San Mateo Etlatongo','OAX');
insert into Ciudades values(null,'San Mateo Nejápam','OAX');
insert into Ciudades values(null,'San Mateo Peñasco','OAX');
insert into Ciudades values(null,'San Mateo Piñas','OAX');
insert into Ciudades values(null,'San Mateo Río Hondo','OAX');
insert into Ciudades values(null,'San Mateo Sindihui','OAX');
insert into Ciudades values(null,'San Mateo Tlapiltepec','OAX');
insert into Ciudades values(null,'San Mateo Yoloxochitlán','OAX');
insert into Ciudades values(null,'San Melchor Betaza','OAX');
insert into Ciudades values(null,'San Miguel Achiutla','OAX');
insert into Ciudades values(null,'San Miguel Ahuehuetitlán','OAX');
insert into Ciudades values(null,'San Miguel Aloápam','OAX');
insert into Ciudades values(null,'San Miguel Amatitlán','OAX');
insert into Ciudades values(null,'San Miguel Amatlán','OAX');
insert into Ciudades values(null,'San Miguel Coatlán','OAX');
insert into Ciudades values(null,'San Miguel Chicahua','OAX');
insert into Ciudades values(null,'San Miguel Chimalapa','OAX');
insert into Ciudades values(null,'San Miguel del Puerto','OAX');
insert into Ciudades values(null,'San Miguel del Río','OAX');
insert into Ciudades values(null,'San Miguel Ejutla','OAX');
insert into Ciudades values(null,'San Miguel el Grande','OAX');
insert into Ciudades values(null,'San Miguel Huautla','OAX');
insert into Ciudades values(null,'San Miguel Mixtepec','OAX');
insert into Ciudades values(null,'San Miguel Panixtlahuaca','OAX');
insert into Ciudades values(null,'San Miguel Peras','OAX');
insert into Ciudades values(null,'San Miguel Piedras','OAX');
insert into Ciudades values(null,'San Miguel Quetzaltepec','OAX');
insert into Ciudades values(null,'San Miguel Santa Flor','OAX');
insert into Ciudades values(null,'San Miguel Soyaltepec','OAX');
insert into Ciudades values(null,'San Miguel Suchixtepec','OAX');
insert into Ciudades values(null,'San Miguel Tecomatlán','OAX');
insert into Ciudades values(null,'San Miguel Tenango','OAX');
insert into Ciudades values(null,'San Miguel Tequixtepec','OAX');
insert into Ciudades values(null,'San Miguel Tilquiápam','OAX');
insert into Ciudades values(null,'San Miguel Tlacamama','OAX');
insert into Ciudades values(null,'San Miguel Tlacotepec','OAX');
insert into Ciudades values(null,'San Miguel Tulancingo','OAX');
insert into Ciudades values(null,'San Miguel Yotao','OAX');
insert into Ciudades values(null,'San Nicolás','OAX');
insert into Ciudades values(null,'San Nicolás Hidalgo','OAX');
insert into Ciudades values(null,'San Pablo Coatlán','OAX');
insert into Ciudades values(null,'San Pablo Cuatro Venados','OAX');
insert into Ciudades values(null,'San Pablo Etla','OAX');
insert into Ciudades values(null,'San Pablo Huitzo','OAX');
insert into Ciudades values(null,'San Pablo Huixtepec','OAX');
insert into Ciudades values(null,'San Pablo Macuiltianguis','OAX');
insert into Ciudades values(null,'San Pablo Tijaltepec','OAX');
insert into Ciudades values(null,'San Pablo Villa de Mitla','OAX');
insert into Ciudades values(null,'San Pablo Yaganiza','OAX');
insert into Ciudades values(null,'San Pedro Amuzgos','OAX');
insert into Ciudades values(null,'San Pedro Apóstol','OAX');
insert into Ciudades values(null,'San Pedro Atoyac','OAX');
insert into Ciudades values(null,'San Pedro Cajonos','OAX');
insert into Ciudades values(null,'San Pedro Comitancillo','OAX');
insert into Ciudades values(null,'San Pedro Cocaltepec Cántaros','OAX');
insert into Ciudades values(null,'San Pedro el Alto','OAX');
insert into Ciudades values(null,'San Pedro Huamelula','OAX');
insert into Ciudades values(null,'San Pedro Huilotepec','OAX');
insert into Ciudades values(null,'San Pedro Ixcatlán','OAX');
insert into Ciudades values(null,'San Pedro Ixtlahuaca','OAX');
insert into Ciudades values(null,'San Pedro Jaltepetongo','OAX');
insert into Ciudades values(null,'San Pedro Jicayán','OAX');
insert into Ciudades values(null,'San Pedro Jocotipac','OAX');
insert into Ciudades values(null,'San Pedro Juchatengo','OAX');
insert into Ciudades values(null,'San Pedro Mártir','OAX');
insert into Ciudades values(null,'San Pedro Mártir Quiechapa','OAX');
insert into Ciudades values(null,'San Pedro Mártir Yucuxaco','OAX');
insert into Ciudades values(null,'San Pedro Mixtepec, distrito 22','OAX');
insert into Ciudades values(null,'San Pedro Mixtepec, distrito 26','OAX');
insert into Ciudades values(null,'San Pedro Molinos','OAX');
insert into Ciudades values(null,'San Pedro Nopala','OAX');
insert into Ciudades values(null,'San Pedro Ocopetatillo','OAX');
insert into Ciudades values(null,'San Pedro Ocotepec','OAX');
insert into Ciudades values(null,'San Pedro Pochutla','OAX');
insert into Ciudades values(null,'San Pedro Quiatoni','OAX');
insert into Ciudades values(null,'San Pedro Sochiápam','OAX');
insert into Ciudades values(null,'San Pedro Tapanatepec','OAX');
insert into Ciudades values(null,'San Pedro Taviche','OAX');
insert into Ciudades values(null,'San Pedro Teozacoalco','OAX');
insert into Ciudades values(null,'San Pedro Teutila','OAX');
insert into Ciudades values(null,'San Pedro Tidaá','OAX');
insert into Ciudades values(null,'San Pedro Topiltepec','OAX');
insert into Ciudades values(null,'San Pedro Totolápam','OAX');
insert into Ciudades values(null,'San Pedro y San Pablo Ayutla','OAX');
insert into Ciudades values(null,'San Pedro y San Pablo Teposcolula','OAX');
insert into Ciudades values(null,'San Pedro y San Pablo Tequixtepec','OAX');
insert into Ciudades values(null,'San Pedro Yaneri','OAX');
insert into Ciudades values(null,'San Pedro Yólox','OAX');
insert into Ciudades values(null,'San Pedro Yucunama','OAX');
insert into Ciudades values(null,'San Raymundo Jalpan','OAX');
insert into Ciudades values(null,'San Sebastián Abasolo','OAX');
insert into Ciudades values(null,'San Sebastián Coatlán','OAX');
insert into Ciudades values(null,'San Sebastián Ixcapa','OAX');
insert into Ciudades values(null,'San Sebastián Nicananduta','OAX');
insert into Ciudades values(null,'San Sebastián Río Hondo','OAX');
insert into Ciudades values(null,'San Sebastián Tecomaxtlahuaca','OAX');
insert into Ciudades values(null,'San Sebastián Teitipac','OAX');
insert into Ciudades values(null,'San Sebastián Tutla','OAX');
insert into Ciudades values(null,'San Simón Almolongas','OAX');
insert into Ciudades values(null,'San Simón Zahuatlán  ','OAX');
insert into Ciudades values(null,'Santa Ana','OAX');
insert into Ciudades values(null,'Santa Ana Ateixtlahuaca','OAX');
insert into Ciudades values(null,'Santa Ana Cuauhtémoc','OAX');
insert into Ciudades values(null,'Santa Ana del Valle','OAX');
insert into Ciudades values(null,'Santa Ana Tavela','OAX');
insert into Ciudades values(null,'Santa Ana Tlapacoyan','OAX');
insert into Ciudades values(null,'Santa Ana Yareni','OAX');
insert into Ciudades values(null,'Santa Ana Zegache','OAX');
insert into Ciudades values(null,'Santa Catalina Quieri','OAX');
insert into Ciudades values(null,'Santa Catarina Cuixtla','OAX');
insert into Ciudades values(null,'Santa Catarina Ixtepeji','OAX');
insert into Ciudades values(null,'Santa Catarina Juquila','OAX');
insert into Ciudades values(null,'Santa Catarina Lachatao','OAX');
insert into Ciudades values(null,'Santa Catarina Loxicha','OAX');
insert into Ciudades values(null,'Santa Catarina Mechoacán','OAX');
insert into Ciudades values(null,'Santa Catarina Minas','OAX');
insert into Ciudades values(null,'Santa Catarina Quiané','OAX');
insert into Ciudades values(null,'Santa Catarina Quioquitani','OAX');
insert into Ciudades values(null,'Santa CatarinaTayata','OAX');
insert into Ciudades values(null,'Santa Catarina Ticuá','OAX');
insert into Ciudades values(null,'Santa Catarina Yosonotú','OAX');
insert into Ciudades values(null,'Santa Catarina Zapoquila','OAX');
insert into Ciudades values(null,'Santa Cruz Acatepec','OAX');
insert into Ciudades values(null,'Santa Cruz Amilpas','OAX');
insert into Ciudades values(null,'Santa Cruz de Bravo','OAX');
insert into Ciudades values(null,'Santa Cruz Itundujia','OAX');
insert into Ciudades values(null,'Santa Cruz Mixtepec','OAX');
insert into Ciudades values(null,'Santa Cruz Nundaco','OAX');
insert into Ciudades values(null,'Santa Cruz Papalutla','OAX');
insert into Ciudades values(null,'Santa Cruz Tacache de Mina','OAX');
insert into Ciudades values(null,'Santa Cruz Tacahua','OAX');
insert into Ciudades values(null,'Santa Cruz Tayata','OAX');
insert into Ciudades values(null,'Santa Cruz Xitla','OAX');
insert into Ciudades values(null,'Santa Cruz Xoxocotlán','OAX');
insert into Ciudades values(null,'Santa Cruz Zenzontepec','OAX');
insert into Ciudades values(null,'Santa Gertrudis','OAX');
insert into Ciudades values(null,'Santa Inés del Monte','OAX');
insert into Ciudades values(null,'Santa Inés de Zaragoza','OAX');
insert into Ciudades values(null,'Santa Inés Yatzeche','OAX');
insert into Ciudades values(null,'Santa Lucía del Camino','OAX');
insert into Ciudades values(null,'Santa Lucía Miahuatlán','OAX');
insert into Ciudades values(null,'Santa Lucía Monteverde','OAX');
insert into Ciudades values(null,'Santa Lucía Ocotlán','OAX');
insert into Ciudades values(null,'Santa Magdalena Jicotlán','OAX');
insert into Ciudades values(null,'Santa María Alotepec','OAX');
insert into Ciudades values(null,'Santa María Apazco','OAX');
insert into Ciudades values(null,'Santa María Atzompa','OAX');
insert into Ciudades values(null,'Santa María Camotlán','OAX');
insert into Ciudades values(null,'Santa María Chachoápam','OAX');
insert into Ciudades values(null,'Santa María Chilchotla','OAX');
insert into Ciudades values(null,'Santa María Chimalapa','OAX');
insert into Ciudades values(null,'Santa María Colotepec','OAX');
insert into Ciudades values(null,'Santa María Cortijo','OAX');
insert into Ciudades values(null,'Santa María Coyotepec','OAX');
insert into Ciudades values(null,'Santa María del Rosario','OAX');
insert into Ciudades values(null,'Santa María del Tule','OAX');
insert into Ciudades values(null,'Santa María Ecatepec','OAX');
insert into Ciudades values(null,'Santa María Guelacé','OAX');
insert into Ciudades values(null,'Santa María Guienagati','OAX');
insert into Ciudades values(null,'Santa María Huatulco','OAX');
insert into Ciudades values(null,'Santa María Huazolotitlán','OAX');
insert into Ciudades values(null,'Santa María Ipalapa','OAX');
insert into Ciudades values(null,'Santa María Ixcatlán','OAX');
insert into Ciudades values(null,'Santa María Jacatepec','OAX');
insert into Ciudades values(null,'Santa María Jalapa del Marqués','OAX');
insert into Ciudades values(null,'Santa María Jaltianguis','OAX');
insert into Ciudades values(null,'Santa María la Asunción','OAX');
insert into Ciudades values(null,'Santa María Lachixío','OAX');
insert into Ciudades values(null,'Santa María Mixtequilla','OAX');
insert into Ciudades values(null,'Santa María Nativitas','OAX');
insert into Ciudades values(null,'Santa María Nduayaco','OAX');
insert into Ciudades values(null,'Santa María Ozolotepec','OAX');
insert into Ciudades values(null,'Santa María Pápalo','OAX');
insert into Ciudades values(null,'Santa María Peñoles','OAX');
insert into Ciudades values(null,'Santa María Petapa','OAX');
insert into Ciudades values(null,'Santa María Quiegolani','OAX');
insert into Ciudades values(null,'Santa María Sola','OAX');
insert into Ciudades values(null,'Santa María Tataltepec','OAX');
insert into Ciudades values(null,'Santa María Tecomavaca','OAX');
insert into Ciudades values(null,'Santa María Temaxcalapa','OAX');
insert into Ciudades values(null,'Santa María Temaxcaltepec','OAX');
insert into Ciudades values(null,'Santa María Teopoxco','OAX');
insert into Ciudades values(null,'Santa María Tepantlali','OAX');
insert into Ciudades values(null,'Santa María Texcatitlán','OAX');
insert into Ciudades values(null,'Santa María Tlahuitoltepec','OAX');
insert into Ciudades values(null,'Santa María Tlalixtac','OAX');
insert into Ciudades values(null,'Santa María Tonameca','OAX');
insert into Ciudades values(null,'Santa María Totolapilla','OAX');
insert into Ciudades values(null,'Santa María Xadani','OAX');
insert into Ciudades values(null,'Santa María Yalina','OAX');
insert into Ciudades values(null,'Santa María Yavesía','OAX');
insert into Ciudades values(null,'Santa María Yolotepec','OAX');
insert into Ciudades values(null,'Santa María Yosoyua','OAX');
insert into Ciudades values(null,'Santa María Yucuhiti','OAX');
insert into Ciudades values(null,'Santa María Zacatepec','OAX');
insert into Ciudades values(null,'Santa María Zaniza','OAX');
insert into Ciudades values(null,'Santa María Zoquitlán','OAX');
insert into Ciudades values(null,'Santiago Amoltepec','OAX');
insert into Ciudades values(null,'Santiago Apoala','OAX');
insert into Ciudades values(null,'Santiago Apóstol','OAX');
insert into Ciudades values(null,'Santiago Astata','OAX');
insert into Ciudades values(null,'Santiago Atitlán','OAX');
insert into Ciudades values(null,'Santiago Ayuquililla','OAX');
insert into Ciudades values(null,'Santiago Cacaloxtepec','OAX');
insert into Ciudades values(null,'Santiago Camotlán','OAX');
insert into Ciudades values(null,'Santiago Chazumba','OAX');
insert into Ciudades values(null,'Santiago Choápam','OAX');
insert into Ciudades values(null,'Santiago Comaltepec','OAX');
insert into Ciudades values(null,'Santiago del Río','OAX');
insert into Ciudades values(null,'Santiago Huajolotitlán','OAX');
insert into Ciudades values(null,'Santiago Huauclilla','OAX');
insert into Ciudades values(null,'Santiago Ihuitlán Plumas','OAX');
insert into Ciudades values(null,'Santiago Ixcuintepec','OAX');
insert into Ciudades values(null,'Santiago Ixtayutla','OAX');
insert into Ciudades values(null,'Santiago Jamiltepec','OAX');
insert into Ciudades values(null,'Santiago Jocotepec','OAX');
insert into Ciudades values(null,'Santiago Juxtlahuaca','OAX');
insert into Ciudades values(null,'Santiago Lachiguiri','OAX');
insert into Ciudades values(null,'Santiago Lalopa','OAX');
insert into Ciudades values(null,'Santiago Laollaga','OAX');
insert into Ciudades values(null,'Santiago Laxopa','OAX');
insert into Ciudades values(null,'Santiago Llano Grande','OAX');
insert into Ciudades values(null,'Santiago Matatlán','OAX');
insert into Ciudades values(null,'Santiago Miltepec','OAX');
insert into Ciudades values(null,'Santiago Minas','OAX');
insert into Ciudades values(null,'Santiago Nacaltepec','OAX');
insert into Ciudades values(null,'Santiago Nejapilla','OAX');
insert into Ciudades values(null,'Santiago Niltepec','OAX');
insert into Ciudades values(null,'Santiago Nundiche','OAX');
insert into Ciudades values(null,'Santiago Nuyoó','OAX');
insert into Ciudades values(null,'Santiago Pinotepa Nacional','OAX');
insert into Ciudades values(null,'Santiago Suchilquitongo','OAX');
insert into Ciudades values(null,'Santiago Tamazola','OAX');
insert into Ciudades values(null,'Santiago Tapextla','OAX');
insert into Ciudades values(null,'Santiago Tenango','OAX');
insert into Ciudades values(null,'Santiago Tepetlapa','OAX');
insert into Ciudades values(null,'Santiago Tetepec','OAX');
insert into Ciudades values(null,'Santiago Texcalcingo','OAX');
insert into Ciudades values(null,'Santiago Textitlán','OAX');
insert into Ciudades values(null,'Santiago Tilantongo','OAX');
insert into Ciudades values(null,'Santiago Tillo','OAX');
insert into Ciudades values(null,'Santiago Tlazoyaltepec','OAX');
insert into Ciudades values(null,'Santiago Xanica','OAX');
insert into Ciudades values(null,'Santiago Xiacuí','OAX');
insert into Ciudades values(null,'Santiago Yaitepec','OAX');
insert into Ciudades values(null,'Santiago Yaveo','OAX');
insert into Ciudades values(null,'Santiago Yolomécatl','OAX');
insert into Ciudades values(null,'Santiago Yosondúa','OAX');
insert into Ciudades values(null,'Santiago Yucuyachi','OAX');
insert into Ciudades values(null,'Santiago Zacatepec','OAX');
insert into Ciudades values(null,'Santiago Zoochila','OAX');
insert into Ciudades values(null,'Santo Domingo Albarradas','OAX');
insert into Ciudades values(null,'Santo Domingo Armenta','OAX');
insert into Ciudades values(null,'Santo Domingo Chihuitán','OAX');
insert into Ciudades values(null,'Santo Domingo de Morelos','OAX');
insert into Ciudades values(null,'Santo Domingo Ingenio','OAX');
insert into Ciudades values(null,'Santo Domingo Ixcatlán','OAX');
insert into Ciudades values(null,'Santo Domingo Nuxaá','OAX');
insert into Ciudades values(null,'Santo Domingo Ozolotepec','OAX');
insert into Ciudades values(null,'Santo Domingo Petapa','OAX');
insert into Ciudades values(null,'Santo Domingo Roayaga','OAX');
insert into Ciudades values(null,'Santo Domingo Tehuantepec','OAX');
insert into Ciudades values(null,'Santo Domingo Teojomulco','OAX');
insert into Ciudades values(null,'Santo Domingo Tepuxtepec','OAX');
insert into Ciudades values(null,'Santo Domingo Tlatayapam','OAX');
insert into Ciudades values(null,'Santo Domingo Tomaltepec','OAX');
insert into Ciudades values(null,'Santo Domingo Tonalá','OAX');
insert into Ciudades values(null,'Santo Domingo Tonaltepec','OAX');
insert into Ciudades values(null,'Santo Domingo Xagacía','OAX');
insert into Ciudades values(null,'Santo Domingo Yanhuitlán','OAX');
insert into Ciudades values(null,'Santo Domingo Yodohino','OAX');
insert into Ciudades values(null,'Santo Domingo Zanatepec','OAX');
insert into Ciudades values(null,'Santo Tomás Jalieza','OAX');
insert into Ciudades values(null,'Santo Tomás Mazaltepec','OAX');
insert into Ciudades values(null,'Santo Tomás Ocotepec','OAX');
insert into Ciudades values(null,'Santo Tomás Tamazulapan','OAX');
insert into Ciudades values(null,'Santos Reyes Nopala','OAX');
insert into Ciudades values(null,'Santos Reyes Pápalo','OAX');
insert into Ciudades values(null,'Santos Reyes Tepejillo','OAX');
insert into Ciudades values(null,'Santos Reyes Yucuná','OAX');
insert into Ciudades values(null,'San Vicente Coatlán','OAX');
insert into Ciudades values(null,'San Vicente Lachixío','OAX');
insert into Ciudades values(null,'San Vicente Nuñú','OAX');
insert into Ciudades values(null,'Silacayoápam','OAX');
insert into Ciudades values(null,'Sitio de Xitlapehua','OAX');
insert into Ciudades values(null,'Soledad Etla','OAX');
insert into Ciudades values(null,'Tamazulápam del Espíritu Santo','OAX');
insert into Ciudades values(null,'Tanetze de Zaragoza','OAX');
insert into Ciudades values(null,'Taniche','OAX');
insert into Ciudades values(null,'Tataltepec de Valdés','OAX');
insert into Ciudades values(null,'Teococuilco de Marcos Pérez','OAX');
insert into Ciudades values(null,'Teotitlán de Flores Magón','OAX');
insert into Ciudades values(null,'Teotitlán del Valle','OAX');
insert into Ciudades values(null,'Teotongo','OAX');
insert into Ciudades values(null,'Tepelmeme Villa de Morelos','OAX');
insert into Ciudades values(null,'Tezoatlán de Segura y Luna','OAX');
insert into Ciudades values(null,'Tlacolula de Matamoros','OAX');
insert into Ciudades values(null,'Tlacotepec Plumas','OAX');
insert into Ciudades values(null,'Tlalixtac de Cabrera','OAX');
insert into Ciudades values(null,'Totontepec Villa de Morelos','OAX');
insert into Ciudades values(null,'Trinidad Zaáchila','OAX');
insert into Ciudades values(null,'Unión Hidalgo','OAX');
insert into Ciudades values(null,'Valerio Trujano','OAX');
insert into Ciudades values(null,'Villa de Chilapa de Díaz','OAX');
insert into Ciudades values(null,'Villa de Etla','OAX');
insert into Ciudades values(null,'Villa de Tamazulápam del Progreso','OAX');
insert into Ciudades values(null,'Villa de Tututepec de Melchor Ocampo','OAX');
insert into Ciudades values(null,'Villa de Zaáchila','OAX');
insert into Ciudades values(null,'Villa Díaz Ordaz','OAX');
insert into Ciudades values(null,'Villa Hidalgo','OAX');
insert into Ciudades values(null,'Villa Sola de Vega','OAX');
insert into Ciudades values(null,'Villa Talea de Castro','OAX');
insert into Ciudades values(null,'Villa Tejupam de la Unión','OAX');
insert into Ciudades values(null,'Yaxe','OAX');
insert into Ciudades values(null,'Yogana','OAX');
insert into Ciudades values(null,'Yutanduchi de Guerrero','OAX');
insert into Ciudades values(null,'Zapotitlán del Río','OAX');
insert into Ciudades values(null,'Zapotitlán Lagunas','OAX');
insert into Ciudades values(null,'Zapotitlán Palmas','OAX');
insert into Ciudades values(null,'Zimatlán de Álvarez','OAX');
#end region

#region Puebla
insert into Ciudades values(null,'Acajete','PUE');
insert into Ciudades values(null,'Acateno','PUE');
insert into Ciudades values(null,'Acatlán','PUE');
insert into Ciudades values(null,'Acatzingo','PUE');
insert into Ciudades values(null,'Acteopan','PUE');
insert into Ciudades values(null,'Ahuacatlán','PUE');
insert into Ciudades values(null,'Ahuatlán','PUE');
insert into Ciudades values(null,'Ahuazotepec','PUE');
insert into Ciudades values(null,'Ahuehuetitla','PUE');
insert into Ciudades values(null,'Ajalpan','PUE');
insert into Ciudades values(null,'Albino Zertuche','PUE');
insert into Ciudades values(null,'Aljojuca','PUE');
insert into Ciudades values(null,'Altepexi','PUE');
insert into Ciudades values(null,'Amixtlán','PUE');
insert into Ciudades values(null,'Amozoc','PUE');
insert into Ciudades values(null,'Aquixtla','PUE');
insert into Ciudades values(null,'Atempan','PUE');
insert into Ciudades values(null,'Atexcal','PUE');
insert into Ciudades values(null,'Atlequizayan','PUE');
insert into Ciudades values(null,'Atlixco','PUE');
insert into Ciudades values(null,'Atoyatempan','PUE');
insert into Ciudades values(null,'Atzala','PUE');
insert into Ciudades values(null,'Atzitzihuacán','PUE');
insert into Ciudades values(null,'Atzitzintla','PUE');
insert into Ciudades values(null,'Axutla','PUE');
insert into Ciudades values(null,'Ayotoxco de Guerrero','PUE');
insert into Ciudades values(null,'Calpan','PUE');
insert into Ciudades values(null,'Caltepec','PUE');
insert into Ciudades values(null,'Camocuautla','PUE');
insert into Ciudades values(null,'Cañada Morelos','PUE');
insert into Ciudades values(null,'Caxhuacan','PUE');
insert into Ciudades values(null,'Chalchicomula de Sesma','PUE');
insert into Ciudades values(null,'Chapulco','PUE');
insert into Ciudades values(null,'Chiautla','PUE');
insert into Ciudades values(null,'Chiautzingo','PUE');
insert into Ciudades values(null,'Chichiquila','PUE');
insert into Ciudades values(null,'Chiconcuautla','PUE');
insert into Ciudades values(null,'Chietla','PUE');
insert into Ciudades values(null,'Chigmecatitlán','PUE');
insert into Ciudades values(null,'Chignahuapan','PUE');
insert into Ciudades values(null,'Chignautla','PUE');
insert into Ciudades values(null,'Chila','PUE');
insert into Ciudades values(null,'Chila de la Sal','PUE');
insert into Ciudades values(null,'Chilchotla','PUE');
insert into Ciudades values(null,'Chinantla','PUE');
insert into Ciudades values(null,'Coatepec','PUE');
insert into Ciudades values(null,'Coatzingo','PUE');
insert into Ciudades values(null,'Cohetzala','PUE');
insert into Ciudades values(null,'Cohuecan','PUE');
insert into Ciudades values(null,'Coronango','PUE');
insert into Ciudades values(null,'Coxcatlán','PUE');
insert into Ciudades values(null,'Coyomeapan','PUE');
insert into Ciudades values(null,'Coyotepec','PUE');
insert into Ciudades values(null,'Cuapiaxtla de Madero','PUE');
insert into Ciudades values(null,'Cuautempan','PUE');
insert into Ciudades values(null,'Cuautinchán','PUE');
insert into Ciudades values(null,'Cuautlancingo','PUE');
insert into Ciudades values(null,'Cuayuca de Andradre','PUE');
insert into Ciudades values(null,'Cuetzalan del Progreso','PUE');
insert into Ciudades values(null,'Cuyoaco','PUE');
insert into Ciudades values(null,'Domingo Arenas','PUE');
insert into Ciudades values(null,'Eloxochitlán','PUE');
insert into Ciudades values(null,'Epatlán','PUE');
insert into Ciudades values(null,'Esperanza','PUE');
insert into Ciudades values(null,'Francisco Z. Mena','PUE');
insert into Ciudades values(null,'General Felipe Ángeles','PUE');
insert into Ciudades values(null,'Guadalupe','PUE');
insert into Ciudades values(null,'Guadalupe Victoria','PUE');
insert into Ciudades values(null,'Hermenegildo Galeana','PUE');
insert into Ciudades values(null,'Honey','PUE');
insert into Ciudades values(null,'Huaquechula','PUE');
insert into Ciudades values(null,'Huatlatlauca','PUE');
insert into Ciudades values(null,'Huauchinango','PUE');
insert into Ciudades values(null,'Huehuetla','PUE');
insert into Ciudades values(null,'Huehuetlán el Chico','PUE');
insert into Ciudades values(null,'Huehuetlán el Grande','PUE');
insert into Ciudades values(null,'Huejotzingo','PUE');
insert into Ciudades values(null,'Hueyapan','PUE');
insert into Ciudades values(null,'Hueytamalco','PUE');
insert into Ciudades values(null,'Hueytlalpan','PUE');
insert into Ciudades values(null,'Huitzilán de Serdán','PUE');
insert into Ciudades values(null,'Huitziltepec','PUE');
insert into Ciudades values(null,'Ixcamilpa de Guerrero','PUE');
insert into Ciudades values(null,'Ixcaquixtla','PUE');
insert into Ciudades values(null,'Ixtacamaxtitlán','PUE');
insert into Ciudades values(null,'Ixtepec','PUE');
insert into Ciudades values(null,'Izúcar de Matamoros','PUE');
insert into Ciudades values(null,'Jalpan','PUE');
insert into Ciudades values(null,'Jolalpan','PUE');
insert into Ciudades values(null,'Jonotla','PUE');
insert into Ciudades values(null,'Jopala','PUE');
insert into Ciudades values(null,'Juan C. Bonilla','PUE');
insert into Ciudades values(null,'Juan Galindo','PUE');
insert into Ciudades values(null,'Juan N. Méndez','PUE');
insert into Ciudades values(null,'Lafragua','PUE');
insert into Ciudades values(null,'Libres','PUE');
insert into Ciudades values(null,'Los Reyes de Juárez','PUE');
insert into Ciudades values(null,'Magdalena Tlatlauquitepec','PUE');
insert into Ciudades values(null,'Mazapiltepec de Juárez','PUE');
insert into Ciudades values(null,'Mixtla','PUE');
insert into Ciudades values(null,'Molcaxac','PUE');
insert into Ciudades values(null,'Naupan','PUE');
insert into Ciudades values(null,'Nauzontla','PUE');
insert into Ciudades values(null,'Nealtican','PUE');
insert into Ciudades values(null,'Nicolás Bravo','PUE');
insert into Ciudades values(null,'Nopalucan','PUE');
insert into Ciudades values(null,'Ocotepec','PUE');
insert into Ciudades values(null,'Ocoyucan','PUE');
insert into Ciudades values(null,'Olintla','PUE');
insert into Ciudades values(null,'Oriental','PUE');
insert into Ciudades values(null,'Pahuatlán','PUE');
insert into Ciudades values(null,'Palmar de Bravo','PUE');
insert into Ciudades values(null,'Pantepec','PUE');
insert into Ciudades values(null,'Petlalcingo','PUE');
insert into Ciudades values(null,'Piaxtla','PUE');
insert into Ciudades values(null,'Puebla de Zaragoza','PUE');
insert into Ciudades values(null,'Quecholac','PUE');
insert into Ciudades values(null,'Quimixtlán','PUE');
insert into Ciudades values(null,'Rafael Lara Grajales','PUE');
insert into Ciudades values(null,'San Andrés Cholula','PUE');
insert into Ciudades values(null,'San Antonio Cañada','PUE');
insert into Ciudades values(null,'San Diego La Meza Tochimiltzingo','PUE');
insert into Ciudades values(null,'San Felipe Teotlalcingo','PUE');
insert into Ciudades values(null,'San Felipe Tepatlán','PUE');
insert into Ciudades values(null,'San Gabriel Chilac','PUE');
insert into Ciudades values(null,'San Gregorio Atzompa','PUE');
insert into Ciudades values(null,'San Jerónimo Tecuanipan','PUE');
insert into Ciudades values(null,'San Jerónimo Xayacatlán','PUE');
insert into Ciudades values(null,'San José Chiapa','PUE');
insert into Ciudades values(null,'San José Miahuatlán','PUE');
insert into Ciudades values(null,'San Juan Atenco','PUE');
insert into Ciudades values(null,'San Juan Atzompa','PUE');
insert into Ciudades values(null,'San Martín Texmelucan','PUE');
insert into Ciudades values(null,'San Martín Totoltepec','PUE');
insert into Ciudades values(null,'San Matías Tlalancaleca','PUE');
insert into Ciudades values(null,'San Miguel Ixtitlán','PUE');
insert into Ciudades values(null,'San Miguel Xoxtla','PUE');
insert into Ciudades values(null,'San Nicolás Buenos Aires','PUE');
insert into Ciudades values(null,'San Nicolás de los Ranchos','PUE');
insert into Ciudades values(null,'San Pablo Anicano','PUE');
insert into Ciudades values(null,'San Pedro Cholula','PUE');
insert into Ciudades values(null,'San Pedro Yeloixtlahuaca','PUE');
insert into Ciudades values(null,'San Salvador el Seco','PUE');
insert into Ciudades values(null,'San Salvador el Verde','PUE');
insert into Ciudades values(null,'San Salvador Huixcolotla','PUE');
insert into Ciudades values(null,'San Sebastián Tlacotepec','PUE');
insert into Ciudades values(null,'Santa Catarina Tlaltempan','PUE');
insert into Ciudades values(null,'San Inés Ahuatempan','PUE');
insert into Ciudades values(null,'Santa Isabel Cholula','PUE');
insert into Ciudades values(null,'Santiago Miahuatlán ','PUE');
insert into Ciudades values(null,'Santo Tomás Hueyotlipan','PUE');
insert into Ciudades values(null,'Soltepec','PUE');
insert into Ciudades values(null,'Tecali de Herrera','PUE');
insert into Ciudades values(null,'Tecamachalco','PUE');
insert into Ciudades values(null,'Tecomatlán','PUE');
insert into Ciudades values(null,'Tehuacán','PUE');
insert into Ciudades values(null,'Tehuitzingo','PUE');
insert into Ciudades values(null,'Tenampulco','PUE');
insert into Ciudades values(null,'Teopantlán','PUE');
insert into Ciudades values(null,'Teotlalco','PUE');
insert into Ciudades values(null,'Tepanco de López','PUE');
insert into Ciudades values(null,'Tepango de Rodríguez','PUE');
insert into Ciudades values(null,'Tepatlaxco de Hidalgo','PUE');
insert into Ciudades values(null,'Tepeaca','PUE');
insert into Ciudades values(null,'Tepemaxalco','PUE');
insert into Ciudades values(null,'Tepeojuma','PUE');
insert into Ciudades values(null,'Tepetzintla','PUE');
insert into Ciudades values(null,'Tepexco','PUE');
insert into Ciudades values(null,'Tepexi de Rodríguez','PUE');
insert into Ciudades values(null,'Tepeyahualco','PUE');
insert into Ciudades values(null,'Tepeyahualco de Cuauhtémoc','PUE');
insert into Ciudades values(null,'Tetela de Ocampo','PUE');
insert into Ciudades values(null,'Teteles de Ávila Castillo','PUE');
insert into Ciudades values(null,'Teziutlán','PUE');
insert into Ciudades values(null,'Tianguismanalco','PUE');
insert into Ciudades values(null,'Tilapa','PUE');
insert into Ciudades values(null,'Tlacotepec de Benito Juárez','PUE');
insert into Ciudades values(null,'Tlacuilotepec','PUE');
insert into Ciudades values(null,'Tlachichuca','PUE');
insert into Ciudades values(null,'Tlahuapan','PUE');
insert into Ciudades values(null,'Tlaltenango','PUE');
insert into Ciudades values(null,'Tlanepantla','PUE');
insert into Ciudades values(null,'Tlaola','PUE');
insert into Ciudades values(null,'Tlapacoya','PUE');
insert into Ciudades values(null,'Tlapanalá','PUE');
insert into Ciudades values(null,'Tlatlauquitepec','PUE');
insert into Ciudades values(null,'Tlaxco','PUE');
insert into Ciudades values(null,'Tochimilco','PUE');
insert into Ciudades values(null,'Tochtepec','PUE');
insert into Ciudades values(null,'Totoltepec de Guerrero','PUE');
insert into Ciudades values(null,'Tulcingo','PUE');
insert into Ciudades values(null,'Tuzamapan de Galeana','PUE');
insert into Ciudades values(null,'Tzicatlacoyan','PUE');
insert into Ciudades values(null,'Venustiano Carranza','PUE');
insert into Ciudades values(null,'Vicente Guerrero','PUE');
insert into Ciudades values(null,'Xayacatlán de Bravo','PUE');
insert into Ciudades values(null,'Xicotepec','PUE');
insert into Ciudades values(null,'Xicotlán','PUE');
insert into Ciudades values(null,'Xiutetelco','PUE');
insert into Ciudades values(null,'Xochiapulco','PUE');
insert into Ciudades values(null,'Xochiltepec','PUE');
insert into Ciudades values(null,'Xochitlán de Vicente Suárez','PUE');
insert into Ciudades values(null,'Xochitlán Todos Santos','PUE');
insert into Ciudades values(null,'Yaonahuac','PUE');
insert into Ciudades values(null,'Yehualtepec','PUE');
insert into Ciudades values(null,'Zacapala','PUE');
insert into Ciudades values(null,'Zacapoaxtla','PUE');
insert into Ciudades values(null,'Zacatlán','PUE');
insert into Ciudades values(null,'Zapotitlán','PUE');
insert into Ciudades values(null,'Zapotitlán de Méndez','PUE');
insert into Ciudades values(null,'Zaragoza','PUE');
insert into Ciudades values(null,'Zautla','PUE');
insert into Ciudades values(null,'Zihuateutla','PUE');
insert into Ciudades values(null,'Zinacatepec','PUE');
insert into Ciudades values(null,'Zongozotla','PUE');
insert into Ciudades values(null,'Zoquiapan','PUE');
insert into Ciudades values(null,'Zoquitlán','PUE');
#end region

#region Queretaro
insert into Ciudades values(null,'Amealco de Bonfil','QUE');
insert into Ciudades values(null,'Arroyo Seco','QUE');
insert into Ciudades values(null,'Cadereyta de Montes','QUE');
insert into Ciudades values(null,'Colón','QUE');
insert into Ciudades values(null,'Corregidora','QUE');
insert into Ciudades values(null,'El Marqués','QUE');
insert into Ciudades values(null,'Ezequiel Montes','QUE');
insert into Ciudades values(null,'Huimilpan','QUE');
insert into Ciudades values(null,'Jalpan de Serra','QUE');
insert into Ciudades values(null,'Landa de Matamoros','QUE');
insert into Ciudades values(null,'Pedro Escobedo','QUE');
insert into Ciudades values(null,'Peñamiller','QUE');
insert into Ciudades values(null,'Pinal de Amoles','QUE');
insert into Ciudades values(null,'Querétaro','QUE');
insert into Ciudades values(null,'San Joaquín','QUE');
insert into Ciudades values(null,'San Juan del Río','QUE');
insert into Ciudades values(null,'Tequisquiapan','QUE');
insert into Ciudades values(null,'Tolimán','QUE');
#end region

#region Quintana Roo
insert into Ciudades values(null,'Benito Juárez','ROO');
insert into Ciudades values(null,'Cozumel','ROO');
insert into Ciudades values(null,'Felipe Carrillo Puerto','ROO');
insert into Ciudades values(null,'Isla Mujeres','ROO');
insert into Ciudades values(null,'José María Morelos','ROO');
insert into Ciudades values(null,'Lázaro Cárdenas','ROO');
insert into Ciudades values(null,'Othón P. Blanco','ROO');
insert into Ciudades values(null,'Solidaridad','ROO');
insert into Ciudades values(null,'Tulum','ROO');
#end region

#region San Luis Potosi
insert into Ciudades values(null,'Ahualulco','SLP');
insert into Ciudades values(null,'Alaquines','SLP');
insert into Ciudades values(null,'Aquismón','SLP');
insert into Ciudades values(null,'Armadillo de los Infante','SLP');
insert into Ciudades values(null,'Axtla de Terrazas','SLP');
insert into Ciudades values(null,'Cárdenas','SLP');
insert into Ciudades values(null,'Catorce','SLP');
insert into Ciudades values(null,'Cedral','SLP');
insert into Ciudades values(null,'Cerritos','SLP');
insert into Ciudades values(null,'Cerro de San Pedro','SLP');
insert into Ciudades values(null,'Charcas','SLP');
insert into Ciudades values(null,'Ciudad del Maíz','SLP');
insert into Ciudades values(null,'Ciudad Fernández','SLP');
insert into Ciudades values(null,'Ciudad Valles','SLP');
insert into Ciudades values(null,'Coxcatlán','SLP');
insert into Ciudades values(null,'Ebano','SLP');
insert into Ciudades values(null,'El Naranjo','SLP');
insert into Ciudades values(null,'Guadalcázar','SLP');
insert into Ciudades values(null,'Huehuetlán','SLP');
insert into Ciudades values(null,'Lagunillas','SLP');
insert into Ciudades values(null,'Matehuala','SLP');
insert into Ciudades values(null,'Matlapa','SLP');
insert into Ciudades values(null,'Mexquitic de Carmona','SLP');
insert into Ciudades values(null,'Moctezuma','SLP');
insert into Ciudades values(null,'Rayón','SLP');
insert into Ciudades values(null,'Rioverde','SLP');
insert into Ciudades values(null,'Salinas','SLP');
insert into Ciudades values(null,'San Antonio','SLP');
insert into Ciudades values(null,'San Ciro de Acosta','SLP');
insert into Ciudades values(null,'San Luis Potosí','SLP');
insert into Ciudades values(null,'San Martín Chalchicuautla','SLP');
insert into Ciudades values(null,'San Nicolás Tolentino','SLP');
insert into Ciudades values(null,'Santa Catarina','SLP');
insert into Ciudades values(null,'Santa María del Río','SLP');
insert into Ciudades values(null,'Santo Domingo','SLP');
insert into Ciudades values(null,'San Vicente Tancuayalab','SLP');
insert into Ciudades values(null,'Soledad de Graciano Sánchez','SLP');
insert into Ciudades values(null,'Tamasopo','SLP');
insert into Ciudades values(null,'Tamazunchale','SLP');
insert into Ciudades values(null,'Tampacán','SLP');
insert into Ciudades values(null,'Tampamolón Corona','SLP');
insert into Ciudades values(null,'Tamuín','SLP');
insert into Ciudades values(null,'Tancanhuitz de Santos','SLP');
insert into Ciudades values(null,'Tanlajás','SLP');
insert into Ciudades values(null,'Tanquián de Escobedo','SLP');
insert into Ciudades values(null,'Tierra Nueva','SLP');
insert into Ciudades values(null,'Vanegas','SLP');
insert into Ciudades values(null,'Venado','SLP');
insert into Ciudades values(null,'Villa de Arriaga','SLP');
insert into Ciudades values(null,'Villa de Arista','SLP');
insert into Ciudades values(null,'Villa de Guadalupe','SLP');
insert into Ciudades values(null,'Villa de la Paz','SLP');
insert into Ciudades values(null,'Villa de Ramos','SLP');
insert into Ciudades values(null,'Villa de Reyes','SLP');
insert into Ciudades values(null,'Villa Hidalgo','SLP');
insert into Ciudades values(null,'Villa Juárez','SLP');
insert into Ciudades values(null,'Xilitla','SLP');
insert into Ciudades values(null,'Zaragoza','SLP');
#end region

#region Sinaloa
insert into Ciudades values(null,'Ahome','SIN');
insert into Ciudades values(null,'Angostura','SIN');
insert into Ciudades values(null,'Badiraguato','SIN');
insert into Ciudades values(null,'Choix','SIN');
insert into Ciudades values(null,'Concordia','SIN');
insert into Ciudades values(null,'Cosalá','SIN');
insert into Ciudades values(null,'Culiacán','SIN');
insert into Ciudades values(null,'El Fuerte','SIN');
insert into Ciudades values(null,'Elota','SIN');
insert into Ciudades values(null,'El Rosario','SIN');
insert into Ciudades values(null,'Escuinapa','SIN');
insert into Ciudades values(null,'Guasave','SIN');
insert into Ciudades values(null,'Mazatlán','SIN');
insert into Ciudades values(null,'Mocorito','SIN');
insert into Ciudades values(null,'Navolato','SIN');
insert into Ciudades values(null,'Salvador Alvarado','SIN');
insert into Ciudades values(null,'San Ignacio','SIN');
insert into Ciudades values(null,'Sinaloa de Leyva','SIN');
#end region

#region Sonora
insert into Ciudades values(null,'Aconchi','SON');
insert into Ciudades values(null,'Agua Prieta','SON');
insert into Ciudades values(null,'Alamos','SON');
insert into Ciudades values(null,'Altar','SON');
insert into Ciudades values(null,'Arivechi','SON');
insert into Ciudades values(null,'Arizpe','SON');
insert into Ciudades values(null,'Atil','SON');
insert into Ciudades values(null,'Bacadéhuachi','SON');
insert into Ciudades values(null,'Bacanora','SON');
insert into Ciudades values(null,'Bacerac','SON');
insert into Ciudades values(null,'Bacoachi','SON');
insert into Ciudades values(null,'Bácum','SON');
insert into Ciudades values(null,'Banámichi','SON');
insert into Ciudades values(null,'Baviácora','SON');
insert into Ciudades values(null,'Bavíspe','SON');
insert into Ciudades values(null,'Benito Juárez','SON');
insert into Ciudades values(null,'Benjamín Hill','SON');
insert into Ciudades values(null,'Caborca','SON');
insert into Ciudades values(null,'Cajeme','SON');
insert into Ciudades values(null,'Cananea','SON');
insert into Ciudades values(null,'Carbó','SON');
insert into Ciudades values(null,'Cocurpe','SON');
insert into Ciudades values(null,'Cumpas','SON');
insert into Ciudades values(null,'Divisaderos','SON');
insert into Ciudades values(null,'Empalme','SON');
insert into Ciudades values(null,'Etchojoa','SON');
insert into Ciudades values(null,'Fronteras','SON');
insert into Ciudades values(null,'General Plutarco Elías Calles','SON');
insert into Ciudades values(null,'Granados','SON');
insert into Ciudades values(null,'Guaymas','SON');
insert into Ciudades values(null,'Hermosillo','SON');
insert into Ciudades values(null,'Huachinera','SON');
insert into Ciudades values(null,'Huásabas','SON');
insert into Ciudades values(null,'Huatabampo','SON');
insert into Ciudades values(null,'Huépac','SON');
insert into Ciudades values(null,'Imuris','SON');
insert into Ciudades values(null,'La Colorada','SON');
insert into Ciudades values(null,'Magdalena','SON');
insert into Ciudades values(null,'Mazatán','SON');
insert into Ciudades values(null,'Moctezuma','SON');
insert into Ciudades values(null,'Naco','SON');
insert into Ciudades values(null,'Nácori Chico','SON');
insert into Ciudades values(null,'Nacozari de García','SON');
insert into Ciudades values(null,'Navojoa','SON');
insert into Ciudades values(null,'Nogales','SON');
insert into Ciudades values(null,'Onavas','SON');
insert into Ciudades values(null,'Opodepe','SON');
insert into Ciudades values(null,'Oquitoa','SON');
insert into Ciudades values(null,'Pitiquito','SON');
insert into Ciudades values(null,'Puerto Peñasco','SON');
insert into Ciudades values(null,'Quiriego','SON');
insert into Ciudades values(null,'Rayón','SON');
insert into Ciudades values(null,'Rosario','SON');
insert into Ciudades values(null,'Sahuaripa','SON');
insert into Ciudades values(null,'San Felipe de Jesús','SON');
insert into Ciudades values(null,'San Ignacio Río Muerto','SON');
insert into Ciudades values(null,'San Javier','SON');
insert into Ciudades values(null,'San Luis Río Colorado','SON');
insert into Ciudades values(null,'San Miguel de Horcasitas','SON');
insert into Ciudades values(null,'San Pedro de la Cueva','SON');
insert into Ciudades values(null,'Santa Ana','SON');
insert into Ciudades values(null,'Santa Cruz','SON');
insert into Ciudades values(null,'Sáric','SON');
insert into Ciudades values(null,'Soyopa','SON');
insert into Ciudades values(null,'Suaqui Grande','SON');
insert into Ciudades values(null,'Tepache','SON');
insert into Ciudades values(null,'Trincheras','SON');
insert into Ciudades values(null,'Tubutama','SON');
insert into Ciudades values(null,'Ures','SON');
insert into Ciudades values(null,'Villa Hidalgo','SON');
insert into Ciudades values(null,'Villa Pesqueira','SON');
insert into Ciudades values(null,'Yécora','SON');
#end region

#region Tabasco
insert into Ciudades values(null,'Balancán','TAB');
insert into Ciudades values(null,'Cárdenas','TAB');
insert into Ciudades values(null,'Centla','TAB');
insert into Ciudades values(null,'Centro','TAB');
insert into Ciudades values(null,'Comalcalco','TAB');
insert into Ciudades values(null,'Cunduacán','TAB');
insert into Ciudades values(null,'Emiliano Zapata','TAB');
insert into Ciudades values(null,'Huimanguillo','TAB');
insert into Ciudades values(null,'Jalapa','TAB');
insert into Ciudades values(null,'Jalpa de Méndez','TAB');
insert into Ciudades values(null,'Jonuta','TAB');
insert into Ciudades values(null,'Macuspana','TAB');
insert into Ciudades values(null,'Nacajuca','TAB');
insert into Ciudades values(null,'Paraíso','TAB');
insert into Ciudades values(null,'Tacotalpa','TAB');
insert into Ciudades values(null,'Teapa','TAB');
insert into Ciudades values(null,'Tenosique','TAB');
#end region

#region Tamaulipas
insert into Ciudades values(null,'Abasolo','TAM');
insert into Ciudades values(null,'Aldama','TAM');
insert into Ciudades values(null,'Altamira','TAM');
insert into Ciudades values(null,'Antiguo Morelos','TAM');
insert into Ciudades values(null,'Burgos','TAM');
insert into Ciudades values(null,'Bustamante','TAM');
insert into Ciudades values(null,'Camargo','TAM');
insert into Ciudades values(null,'Casas','TAM');
insert into Ciudades values(null,'Ciudad Madero','TAM');
insert into Ciudades values(null,'Cruillas','TAM');
insert into Ciudades values(null,'Gómez Farías','TAM');
insert into Ciudades values(null,'González','TAM');
insert into Ciudades values(null,'Güemez','TAM');
insert into Ciudades values(null,'Guerrero','TAM');
insert into Ciudades values(null,'Gustavo Díaz Ordaz','TAM');
insert into Ciudades values(null,'Hidalgo','TAM');
insert into Ciudades values(null,'Jaumave','TAM');
insert into Ciudades values(null,'Jiménez','TAM');
insert into Ciudades values(null,'Llera','TAM');
insert into Ciudades values(null,'Mainero','TAM');
insert into Ciudades values(null,'Mante','TAM');
insert into Ciudades values(null,'Matamoros','TAM');
insert into Ciudades values(null,'Méndez','TAM');
insert into Ciudades values(null,'Mier','TAM');
insert into Ciudades values(null,'Miguel Alemán','TAM');
insert into Ciudades values(null,'Miquihuana','TAM');
insert into Ciudades values(null,'Nuevo Laredo','TAM');
insert into Ciudades values(null,'Nuevo Morelos','TAM');
insert into Ciudades values(null,'Ocampo','TAM');
insert into Ciudades values(null,'Padilla','TAM');
insert into Ciudades values(null,'Palmillas','TAM');
insert into Ciudades values(null,'Reynosa','TAM');
insert into Ciudades values(null,'Río Bravo','TAM');
insert into Ciudades values(null,'San Carlos','TAM');
insert into Ciudades values(null,'San Fernando','TAM');
insert into Ciudades values(null,'San Nicolás','TAM');
insert into Ciudades values(null,'Soto La Marina','TAM');
insert into Ciudades values(null,'Tampico','TAM');
insert into Ciudades values(null,'Tula','TAM');
insert into Ciudades values(null,'Valle Hermoso','TAM');
insert into Ciudades values(null,'Victoria','TAM');
insert into Ciudades values(null,'Villagrán','TAM');
insert into Ciudades values(null,'Xicotencatl','TAM');
#end region

#region Tlaxcala
insert into Ciudades values(null,'Acuamanala de Miguel Hidalgo','TLA');
insert into Ciudades values(null,'Altzayanca','TLA');
insert into Ciudades values(null,'Amaxac de Guerrero','TLA');
insert into Ciudades values(null,'Apetatitlán de Antonio Carvajal','TLA');
insert into Ciudades values(null,'Atlangatepec','TLA');
insert into Ciudades values(null,'Apizaco','TLA');
insert into Ciudades values(null,'Benito Juárez','TLA');
insert into Ciudades values(null,'Calpulalpan','TLA');
insert into Ciudades values(null,'Chiautempan','TLA');
insert into Ciudades values(null,'Contla de Juan Cuamatzi','TLA');
insert into Ciudades values(null,'Cuapiaxtla','TLA');
insert into Ciudades values(null,'Cuaxomulco','TLA');
insert into Ciudades values(null,'El Carmen Tequexquitla','TLA');
insert into Ciudades values(null,'Emiliano Zapata','TLA');
insert into Ciudades values(null,'Españita','TLA');
insert into Ciudades values(null,'Huamantla','TLA');
insert into Ciudades values(null,'Hueyotlipan','TLA');
insert into Ciudades values(null,'Ixtacuixtla de Mariano Matamoros','TLA');
insert into Ciudades values(null,'Ixtenco','TLA');
insert into Ciudades values(null,'La Magdalena Tlaltelulco','TLA');
insert into Ciudades values(null,'Lázaro Cárdenas','TLA');
insert into Ciudades values(null,'Mazatecochco de José María Morelos','TLA');
insert into Ciudades values(null,'Muñoz de Domingo Arenas','TLA');
insert into Ciudades values(null,'Nanacamilpa de Mariano Arista','TLA');
insert into Ciudades values(null,'Nativitas','TLA');
insert into Ciudades values(null,'Panotla','TLA');
insert into Ciudades values(null,'Papalotla de Xicohténcatl','TLA');
insert into Ciudades values(null,'Sanctorum de Lázaro Cárdenas','TLA');
insert into Ciudades values(null,'San Damián Texoloc','TLA');
insert into Ciudades values(null,'San Francisco Tetlanohcan','TLA');
insert into Ciudades values(null,'San Jerónimo Zacualpan','TLA');
insert into Ciudades values(null,'San José Teacalco','TLA');
insert into Ciudades values(null,'San Juan Huactzinco','TLA');
insert into Ciudades values(null,'San Lorenzo Axocomanitla','TLA');
insert into Ciudades values(null,'San Lucas Tecopilco','TLA');
insert into Ciudades values(null,'San Pablo del Monte','TLA');
insert into Ciudades values(null,'Santa Ana Nopalucan','TLA');
insert into Ciudades values(null,'Santa Apolonia Teacalco','TLA');
insert into Ciudades values(null,'Santa Catarina Ayometla','TLA');
insert into Ciudades values(null,'Santa Cruz Quilehtla','TLA');
insert into Ciudades values(null,'Santa Cruz Tlaxcala','TLA');
insert into Ciudades values(null,'Santa Isabel Xiloxoxtla','TLA');
insert into Ciudades values(null,'Tenancingo','TLA');
insert into Ciudades values(null,'Teolocholco','TLA');
insert into Ciudades values(null,'Tepetitla de Lardizábal','TLA');
insert into Ciudades values(null,'Tepeyanco','TLA');
insert into Ciudades values(null,'Terrenate','TLA');
insert into Ciudades values(null,'Tetla de la Solidaridad','TLA');
insert into Ciudades values(null,'Tetlatlahuca','TLA');
insert into Ciudades values(null,'Tlaxcala','TLA');
insert into Ciudades values(null,'Tlaxco','TLA');
insert into Ciudades values(null,'Tocatlán','TLA');
insert into Ciudades values(null,'Totolac','TLA');
insert into Ciudades values(null,'Tzompantepec','TLA');
insert into Ciudades values(null,'Xaloztoc','TLA');
insert into Ciudades values(null,'Xaltocan','TLA');
insert into Ciudades values(null,'Xicohtzinco','TLA');
insert into Ciudades values(null,'Yauhquemecan','TLA');
insert into Ciudades values(null,'Zacatelco','TLA');
insert into Ciudades values(null,'Zitlaltepec de Trinidad Sánchez Santos','TLA');
#end region

#region Veracruz
insert into Ciudades values(null,'Acajete','VER');
insert into Ciudades values(null,'Acatlán','VER');
insert into Ciudades values(null,'Acayucan','VER');
insert into Ciudades values(null,'Actopan','VER');
insert into Ciudades values(null,'Acula','VER');
insert into Ciudades values(null,'Acultzingo','VER');
insert into Ciudades values(null,'Agua Dulce','VER');
insert into Ciudades values(null,'Álamo Temapache','VER');
insert into Ciudades values(null,'Alpatláhuac','VER');
insert into Ciudades values(null,'Alto Lucero de Gutiérrez Barrios','VER');
insert into Ciudades values(null,'Altotonga','VER');
insert into Ciudades values(null,'Alvarado','VER');
insert into Ciudades values(null,'Amatitlán','VER');
insert into Ciudades values(null,'Amatlán de los Reyes','VER');
insert into Ciudades values(null,'Ángel R. Cabada','VER');
insert into Ciudades values(null,'Apazapan','VER');
insert into Ciudades values(null,'Aquila','VER');
insert into Ciudades values(null,'Astacinga','VER');
insert into Ciudades values(null,'Atlahuilco','VER');
insert into Ciudades values(null,'Atoyac','VER');
insert into Ciudades values(null,'Atzacan','VER');
insert into Ciudades values(null,'Atzalan','VER');
insert into Ciudades values(null,'Ayahualulco','VER');
insert into Ciudades values(null,'Banderilla','VER');
insert into Ciudades values(null,'Benito Juárez','VER');
insert into Ciudades values(null,'Boca del Río','VER');
insert into Ciudades values(null,'Calcahualco','VER');
insert into Ciudades values(null,'Camarón de Tejeda','VER');
insert into Ciudades values(null,'Camerino Z. Mendoza','VER');
insert into Ciudades values(null,'Carlos A. Carrillo','VER');
insert into Ciudades values(null,'Carrillo Puerto','VER');
insert into Ciudades values(null,'Castillo de Teayo','VER');
insert into Ciudades values(null,'Catemaco','VER');
insert into Ciudades values(null,'Cazones de Herrera','VER');
insert into Ciudades values(null,'Cerro Azul','VER');
insert into Ciudades values(null,'Chacaltianguis','VER');
insert into Ciudades values(null,'Chalma','VER');
insert into Ciudades values(null,'Chiconamel','VER');
insert into Ciudades values(null,'Chiconquiaco','VER');
insert into Ciudades values(null,'Chicontepec','VER');
insert into Ciudades values(null,'Chinameca','VER');
insert into Ciudades values(null,'Chinampa de Gorostiza','VER');
insert into Ciudades values(null,'Chocamán','VER');
insert into Ciudades values(null,'Chontla','VER');
insert into Ciudades values(null,'Chumatlán','VER');
insert into Ciudades values(null,'Citlaltépetl','VER');
insert into Ciudades values(null,'Coacoatzintla','VER');
insert into Ciudades values(null,'Coahuitlán','VER');
insert into Ciudades values(null,'Coatepec','VER');
insert into Ciudades values(null,'Coatzacoalcos','VER');
insert into Ciudades values(null,'Coatzintla','VER');
insert into Ciudades values(null,'Coetzala','VER');
insert into Ciudades values(null,'Colipa','VER');
insert into Ciudades values(null,'Comapa','VER');
insert into Ciudades values(null,'Córdoba','VER');
insert into Ciudades values(null,'Cosamaloapan de Carpio','VER');
insert into Ciudades values(null,'Consautlán de Carvajal','VER');
insert into Ciudades values(null,'Coscomatepec','VER');
insert into Ciudades values(null,'Cosoleacaque','VER');
insert into Ciudades values(null,'Cotaxtla','VER');
insert into Ciudades values(null,'Coxquihui','VER');
insert into Ciudades values(null,'Coyutla','VER');
insert into Ciudades values(null,'Cuichapa','VER');
insert into Ciudades values(null,'Cuitláhuac','VER');
insert into Ciudades values(null,'El Higo','VER');
insert into Ciudades values(null,'Emiliano Zapata','VER');
insert into Ciudades values(null,'Espinal','VER');
insert into Ciudades values(null,'Filomeno Mata','VER');
insert into Ciudades values(null,'Fortín','VER');
insert into Ciudades values(null,'Gutiérrez Zamora','VER');
insert into Ciudades values(null,'Hidalgotitlán','VER');
insert into Ciudades values(null,'Huayacocotla','VER');
insert into Ciudades values(null,'Hueyapan de Ocampo','VER');
insert into Ciudades values(null,'Huiloapan de Cuauhtémoc','VER');
insert into Ciudades values(null,'Ignacio de la Llave','VER');
insert into Ciudades values(null,'Ilamatlán','VER');
insert into Ciudades values(null,'Isla','VER');
insert into Ciudades values(null,'Ixcatepec','VER');
insert into Ciudades values(null,'Ixhuacán de los Reyes','VER');
insert into Ciudades values(null,'Ixhuatlancillo','VER');
insert into Ciudades values(null,'Ixhuatlán del Café','VER');
insert into Ciudades values(null,'Ixhuatlán de Madero','VER');
insert into Ciudades values(null,'Ixhuatlán del Sureste','VER');
insert into Ciudades values(null,'Ixmatlahuacan','VER');
insert into Ciudades values(null,'Ixtaczoquitlán','VER');
insert into Ciudades values(null,'Jalacingo','VER');
insert into Ciudades values(null,'Jalcomulco','VER');
insert into Ciudades values(null,'Jáltipan','VER');
insert into Ciudades values(null,'Jamapa','VER');
insert into Ciudades values(null,'Jesús Carranza','VER');
insert into Ciudades values(null,'Jilotepec','VER');
insert into Ciudades values(null,'José Azueta','VER');
insert into Ciudades values(null,'Juan Rodríguez Clara','VER');
insert into Ciudades values(null,'Juchique de Ferrer','VER');
insert into Ciudades values(null,'La Antigua','VER');
insert into Ciudades values(null,'Landero y Coss','VER');
insert into Ciudades values(null,'La Perla','VER');
insert into Ciudades values(null,'Las Choapas','VER');
insert into Ciudades values(null,'Las Minas','VER');
insert into Ciudades values(null,'Las Vigas de Ramírez','VER');
insert into Ciudades values(null,'Lerdo de Tejada','VER');
insert into Ciudades values(null,'Los Reyes','VER');
insert into Ciudades values(null,'Magdalena','VER');
insert into Ciudades values(null,'Maltrata','VER');
insert into Ciudades values(null,'Manlio Fabio Altamirano','VER');
insert into Ciudades values(null,'Mariano Escobedo','VER');
insert into Ciudades values(null,'Martínez de la Torre','VER');
insert into Ciudades values(null,'Mecatlán','VER');
insert into Ciudades values(null,'Mecayapan','VER');
insert into Ciudades values(null,'Medellín','VER');
insert into Ciudades values(null,'Miahuatlán','VER');
insert into Ciudades values(null,'Minatitlán','VER');
insert into Ciudades values(null,'Misantla','VER');
insert into Ciudades values(null,'Mixtla de Altamirano','VER');
insert into Ciudades values(null,'Moloacán','VER');
insert into Ciudades values(null,'Nanchital de Lázaro Cárdenas del Río','VER');
insert into Ciudades values(null,'Naolinco','VER');
insert into Ciudades values(null,'Naranjal','VER');
insert into Ciudades values(null,'Naranjos Amatlán','VER');
insert into Ciudades values(null,'Nautla','VER');
insert into Ciudades values(null,'Nogales','VER');
insert into Ciudades values(null,'Oluta','VER');
insert into Ciudades values(null,'Omealca','VER');
insert into Ciudades values(null,'Orizaba','VER');
insert into Ciudades values(null,'Otatitlán','VER');
insert into Ciudades values(null,'Oteapan','VER');
insert into Ciudades values(null,'Ozuluama de Mascañeras','VER');
insert into Ciudades values(null,'Pajapan','VER');
insert into Ciudades values(null,'Pánuco','VER');
insert into Ciudades values(null,'Papantla','VER');
insert into Ciudades values(null,'Paso del Macho','VER');
insert into Ciudades values(null,'Paso de Ovejas','VER');
insert into Ciudades values(null,'Perote','VER');
insert into Ciudades values(null,'Platón Sánchez','VER');
insert into Ciudades values(null,'Playa Vicente','VER');
insert into Ciudades values(null,'Poza Rica de Hidalgo','VER');
insert into Ciudades values(null,'Pueblo Viejo','VER');
insert into Ciudades values(null,'Puente Nacional','VER');
insert into Ciudades values(null,'Rafael Delgado','VER');
insert into Ciudades values(null,'Rafael Lucio','VER');
insert into Ciudades values(null,'Río Blanco','VER');
insert into Ciudades values(null,'Saltabarranca','VER');
insert into Ciudades values(null,'San Andrés Tenejapan','VER');
insert into Ciudades values(null,'San Andrés Tuxtla','VER');
insert into Ciudades values(null,'San Juan Evangelista','VER');
insert into Ciudades values(null,'San Rafael','VER');
insert into Ciudades values(null,'Santiago Sochiapan','VER');
insert into Ciudades values(null,'Santiago Tuxtla','VER');
insert into Ciudades values(null,'Sayula de Alemán','VER');
insert into Ciudades values(null,'Soconusco','VER');
insert into Ciudades values(null,'Sochiapa','VER');
insert into Ciudades values(null,'Soledad Atzompa','VER');
insert into Ciudades values(null,'Soledad de Doblado','VER');
insert into Ciudades values(null,'Soteapan','VER');
insert into Ciudades values(null,'Tamalín','VER');
insert into Ciudades values(null,'Tamiahua','VER');
insert into Ciudades values(null,'Tampico Alto','VER');
insert into Ciudades values(null,'Tancoco','VER');
insert into Ciudades values(null,'Tantima','VER');
insert into Ciudades values(null,'Tantoyuca','VER');
insert into Ciudades values(null,'Tatatila','VER');
insert into Ciudades values(null,'Tatahuicapan de Juárez','VER');
insert into Ciudades values(null,'Tecolutla','VER');
insert into Ciudades values(null,'Tehuipango','VER');
insert into Ciudades values(null,'Tempoal','VER');
insert into Ciudades values(null,'Tenampa','VER');
insert into Ciudades values(null,'Tenochtitlán','VER');
insert into Ciudades values(null,'Teocelo','VER');
insert into Ciudades values(null,'Tepatlaxco','VER');
insert into Ciudades values(null,'Tepetlán','VER');
insert into Ciudades values(null,'Tepetzintla','VER');
insert into Ciudades values(null,'Tequila','VER');
insert into Ciudades values(null,'Texcatepec','VER');
insert into Ciudades values(null,'Texhuacán','VER');
insert into Ciudades values(null,'Texistepec','VER');
insert into Ciudades values(null,'Tezonapa','VER');
insert into Ciudades values(null,'Tihuatlán','VER');
insert into Ciudades values(null,'Tierra Blanca','VER');
insert into Ciudades values(null,'Tlacojalpan','VER');
insert into Ciudades values(null,'Tlacolulan','VER');
insert into Ciudades values(null,'Tlacotalpan','VER');
insert into Ciudades values(null,'Tlacotepec de Mejía','VER');
insert into Ciudades values(null,'Tlachichilco','VER');
insert into Ciudades values(null,'Tlalixcoyan','VER');
insert into Ciudades values(null,'Tlalnelhuayocan','VER');
insert into Ciudades values(null,'Tlaltetela','VER');
insert into Ciudades values(null,'Tlapacoyan','VER');
insert into Ciudades values(null,'Tlaquilpa','VER');
insert into Ciudades values(null,'Tlilapan','VER');
insert into Ciudades values(null,'Tomatlán','VER');
insert into Ciudades values(null,'Tonayán','VER');
insert into Ciudades values(null,'Totutla','VER');
insert into Ciudades values(null,'Tres Valles','VER');
insert into Ciudades values(null,'Tuxpan','VER');
insert into Ciudades values(null,'Tuxtilla','VER');
insert into Ciudades values(null,'Úrsulo Galván','VER');
insert into Ciudades values(null,'Uxpanapa','VER');
insert into Ciudades values(null,'Vega de Alatorre','VER');
insert into Ciudades values(null,'Veracruz','VER');
insert into Ciudades values(null,'Villa Aldama','VER');
insert into Ciudades values(null,'Xalapa','VER');
insert into Ciudades values(null,'Xico','VER');
insert into Ciudades values(null,'Xoxocotla','VER');
insert into Ciudades values(null,'Yanga','VER');
insert into Ciudades values(null,'Yecuatla','VER');
insert into Ciudades values(null,'Zacualpan','VER');
insert into Ciudades values(null,'Zaragoza','VER');
insert into Ciudades values(null,'Zentla','VER');
insert into Ciudades values(null,'Zongolica','VER');
insert into Ciudades values(null,'Zontecomatlán','VER');
insert into Ciudades values(null,'Zozocolco de Hidalgo','VER');
#end region

#region Yucatan
insert into Ciudades values(null,'Abalá','YUC');
insert into Ciudades values(null,'Acanceh','YUC');
insert into Ciudades values(null,'Akil','YUC');
insert into Ciudades values(null,'Baca','YUC');
insert into Ciudades values(null,'Bokobá','YUC');
insert into Ciudades values(null,'Buctzotz','YUC');
insert into Ciudades values(null,'Cacalchén','YUC');
insert into Ciudades values(null,'Calotmul','YUC');
insert into Ciudades values(null,'Cansahcab','YUC');
insert into Ciudades values(null,'Cantamayec','YUC');
insert into Ciudades values(null,'Calestún','YUC');
insert into Ciudades values(null,'Cenotillo','YUC');
insert into Ciudades values(null,'Conkal','YUC');
insert into Ciudades values(null,'Cuncunul','YUC');
insert into Ciudades values(null,'Cuzamá','YUC');
insert into Ciudades values(null,'Chacsinkín','YUC');
insert into Ciudades values(null,'Chankom','YUC');
insert into Ciudades values(null,'Chapab','YUC');
insert into Ciudades values(null,'Chemax','YUC');
insert into Ciudades values(null,'Chicxulub Pueblo','YUC');
insert into Ciudades values(null,'Chichimilá','YUC');
insert into Ciudades values(null,'Chikindzonot','YUC');
insert into Ciudades values(null,'Chocholá','YUC');
insert into Ciudades values(null,'Chumayel','YUC');
insert into Ciudades values(null,'Dzán','YUC');
insert into Ciudades values(null,'Dzemul','YUC');
insert into Ciudades values(null,'Dzidzantún','YUC');
insert into Ciudades values(null,'Dzilam de Bravo','YUC');
insert into Ciudades values(null,'Dzilam González','YUC');
insert into Ciudades values(null,'Dzitás','YUC');
insert into Ciudades values(null,'Dzoncauich','YUC');
insert into Ciudades values(null,'Espita','YUC');
insert into Ciudades values(null,'Halachó','YUC');
insert into Ciudades values(null,'Hocabá','YUC');
insert into Ciudades values(null,'Hoctún','YUC');
insert into Ciudades values(null,'Homún','YUC');
insert into Ciudades values(null,'Huhí','YUC');
insert into Ciudades values(null,'Hunucmá','YUC');
insert into Ciudades values(null,'Ixil','YUC');
insert into Ciudades values(null,'Izamal','YUC');
insert into Ciudades values(null,'Kanasín','YUC');
insert into Ciudades values(null,'Kantunil','YUC');
insert into Ciudades values(null,'Kaua','YUC');
insert into Ciudades values(null,'Kinchil','YUC');
insert into Ciudades values(null,'Kopomá','YUC');
insert into Ciudades values(null,'Mama','YUC');
insert into Ciudades values(null,'Maní','YUC');
insert into Ciudades values(null,'Maxcanú','YUC');
insert into Ciudades values(null,'Mayapán','YUC');
insert into Ciudades values(null,'Mérida','YUC');
insert into Ciudades values(null,'Mocochá','YUC');
insert into Ciudades values(null,'Motul','YUC');
insert into Ciudades values(null,'Muna','YUC');
insert into Ciudades values(null,'Muxupip','YUC');
insert into Ciudades values(null,'Opichén','YUC');
insert into Ciudades values(null,'Oxkutzcab','YUC');
insert into Ciudades values(null,'Panabá','YUC');
insert into Ciudades values(null,'Peto','YUC');
insert into Ciudades values(null,'Progreso','YUC');
insert into Ciudades values(null,'Quintana Roo','YUC');
insert into Ciudades values(null,'Río Lagartos','YUC');
insert into Ciudades values(null,'Sacalum','YUC');
insert into Ciudades values(null,'Samahil','YUC');
insert into Ciudades values(null,'Sanahcat','YUC');
insert into Ciudades values(null,'San Felipe','YUC');
insert into Ciudades values(null,'Santa Elena','YUC');
insert into Ciudades values(null,'Seyé','YUC');
insert into Ciudades values(null,'Sinanché','YUC');
insert into Ciudades values(null,'Sotuta','YUC');
insert into Ciudades values(null,'Sucilá','YUC');
insert into Ciudades values(null,'Sudzal','YUC');
insert into Ciudades values(null,'Suma de Hidalgo','YUC');
insert into Ciudades values(null,'Tahdziú','YUC');
insert into Ciudades values(null,'Tahmek','YUC');
insert into Ciudades values(null,'Teabo','YUC');
insert into Ciudades values(null,'Tecoh','YUC');
insert into Ciudades values(null,'Tekal de Venegas','YUC');
insert into Ciudades values(null,'Tekantó','YUC');
insert into Ciudades values(null,'Tekax','YUC');
insert into Ciudades values(null,'Tekit','YUC');
insert into Ciudades values(null,'Tekom','YUC');
insert into Ciudades values(null,'Telchac Pueblo','YUC');
insert into Ciudades values(null,'Telchac Puerto','YUC');
insert into Ciudades values(null,'Temax','YUC');
insert into Ciudades values(null,'Temozón','YUC');
insert into Ciudades values(null,'Tepakán','YUC');
insert into Ciudades values(null,'Tetiz','YUC');
insert into Ciudades values(null,'Teya','YUC');
insert into Ciudades values(null,'Ticul','YUC');
insert into Ciudades values(null,'Timucuy','YUC');
insert into Ciudades values(null,'Tinúm','YUC');
insert into Ciudades values(null,'Tixcacalcupul','YUC');
insert into Ciudades values(null,'Tixkokob','YUC');
insert into Ciudades values(null,'Tixméhuac','YUC');
insert into Ciudades values(null,'Tixpéhual','YUC');
insert into Ciudades values(null,'Tizimín','YUC');
insert into Ciudades values(null,'Tunkás','YUC');
insert into Ciudades values(null,'Tzucacab','YUC');
insert into Ciudades values(null,'Uayma','YUC');
insert into Ciudades values(null,'Ucú','YUC');
insert into Ciudades values(null,'Umán','YUC');
insert into Ciudades values(null,'Valladolid','YUC');
insert into Ciudades values(null,'Xocchel','YUC');
insert into Ciudades values(null,'Yaxcabá','YUC');
insert into Ciudades values(null,'Yaxkukul','YUC');
insert into Ciudades values(null,'Yobaín','YUC');
#end region

#region Zacatecas
insert into Ciudades values(null,'Apozol','ZAC');
insert into Ciudades values(null,'Apulco','ZAC');
insert into Ciudades values(null,'Atolinga','ZAC');
insert into Ciudades values(null,'Benito Juárez','ZAC');
insert into Ciudades values(null,'Calera','ZAC');
insert into Ciudades values(null,'Cañitas de Felipe Pescador','ZAC');
insert into Ciudades values(null,'Concepción del Oro','ZAC');
insert into Ciudades values(null,'Cuauhtémoc','ZAC');
insert into Ciudades values(null,'Chalchihuites','ZAC');
insert into Ciudades values(null,'Fresnillo','ZAC');
insert into Ciudades values(null,'Trinidad García de la Cadena','ZAC');
insert into Ciudades values(null,'Genaro Codina','ZAC');
insert into Ciudades values(null,'General Enrique Estrada','ZAC');
insert into Ciudades values(null,'General Francisco R. Murguía','ZAC');
insert into Ciudades values(null,'El Plateado de Joaquín Amaro','ZAC');
insert into Ciudades values(null,'El Salvador','ZAC');
insert into Ciudades values(null,'General Pánfilo Natera','ZAC');
insert into Ciudades values(null,'Guadalupe','ZAC');
insert into Ciudades values(null,'Huanusco','ZAC');
insert into Ciudades values(null,'Jalpa','ZAC');
insert into Ciudades values(null,'Jerez','ZAC');
insert into Ciudades values(null,'Jiménez del Teul','ZAC');
insert into Ciudades values(null,'Juan Aldama','ZAC');
insert into Ciudades values(null,'Juchipila','ZAC');
insert into Ciudades values(null,'Loreto','ZAC');
insert into Ciudades values(null,'Luis Moya','ZAC');
insert into Ciudades values(null,'Mazapil','ZAC');
insert into Ciudades values(null,'Melchor Ocampo','ZAC');
insert into Ciudades values(null,'Mezquital del Oro','ZAC');
insert into Ciudades values(null,'Miguel Auza','ZAC');
insert into Ciudades values(null,'Momax','ZAC');
insert into Ciudades values(null,'Monte Escobedo','ZAC');
insert into Ciudades values(null,'Morelos','ZAC');
insert into Ciudades values(null,'Moyahua de Estrada','ZAC');
insert into Ciudades values(null,'Nochistlán de Mejía','ZAC');
insert into Ciudades values(null,'Noria de Ángeles','ZAC');
insert into Ciudades values(null,'Ojocaliente','ZAC');
insert into Ciudades values(null,'Pánuco','ZAC');
insert into Ciudades values(null,'Pinos','ZAC');
insert into Ciudades values(null,'Río Grande','ZAC');
insert into Ciudades values(null,'Sain Alto','ZAC');
insert into Ciudades values(null,'Santa María de la Paz','ZAC');
insert into Ciudades values(null,'Sombrerete','ZAC');
insert into Ciudades values(null,'Susticacán','ZAC');
insert into Ciudades values(null,'Tabasco','ZAC');
insert into Ciudades values(null,'Tepechitlán','ZAC');
insert into Ciudades values(null,'Tepetongo','ZAC');
insert into Ciudades values(null,'Teul de González Ortega','ZAC');
insert into Ciudades values(null,'Tlaltenango de Sánchez Román','ZAC');
insert into Ciudades values(null,'Trancoso','ZAC');
insert into Ciudades values(null,'Valparaíso','ZAC');
insert into Ciudades values(null,'Vetagrande','ZAC');
insert into Ciudades values(null,'Villa de Cos','ZAC');
insert into Ciudades values(null,'Villa García','ZAC');
insert into Ciudades values(null,'Villa González Ortega','ZAC');
insert into Ciudades values(null,'Villa Hidalgo','ZAC');
insert into Ciudades values(null,'Villanueva','ZAC');
insert into Ciudades values(null,'Zacatecas','ZAC');
#end region

#end region

#region Vista Alumnos
CREATE VIEW V_ALUMNOS AS
SELECT ID,NUMEROCONTROL,ALUMNOS.NOMBRE AS NOMBREALUMNO,APELLIDOPATERNO,APELLIDOMATERNO,FECHANACIMIENTO,SEXO,DOMICILIO,EMAIL,ESTADOS.NOMBRE AS ESTADO, NOMBRECIUDAD AS Municipio FROM ALUMNOS,ESTADOS,CIUDADES
WHERE alumnos.fkCodigoCiudad = ciudades.CodigoCiudad AND alumnos.fkCodigo = ESTADOS.CODIGO;


SELECT * FROM V_ALUMNOS;

drop view v_alumnos;
#end region

select*from estudios;
drop table Estudios;

create table Estudios(id int primary key auto_increment, fkidmaestro int, cedula varchar(20),titulo varchar(50), Documento varchar(100), foreign key (fkidmaestro) references Maestros (idmaestro)); 

insert into Estudios values(null,1,'CDFSFE','Ing. Sistemas Computacionales','doc.pdf');
insert into Estudios values(null,11,'JUGTFE','Ing. Electromecanica','cedula.pdf');

/*select id, Nombre, Cedula, Titulo, Documento from estudios, maestros where fkidmaestro=idmaestro;*/

create table Maestros(idmaestro int primary key AUTO_INCREMENT, NumeroControl varchar(20),  Nombre varchar(50), ApellidoPaterno varchar(50),
ApellidoMaterno varchar(50), FechaNacimiento varchar(20), Direccion varchar(50),fkCodigo varchar(20),
foreign key (fkCodigo) references Estados (Codigo),fkCodigoCiudad int,foreign key (fkCodigoCiudad) references Ciudades (CodigoCiudad));

/*create table Maestros(idmaestro int primary key AUTO_INCREMENT, NumeroControl varchar(20),  Nombre varchar(50), ApellidoPaterno varchar(50),
ApellidoMaterno varchar(50), FechaNacimiento varchar(20), Direccion varchar(50),Estado varchar(20),Ciudad varchar(50));*/

drop table Maestros;
drop table estudios;

#region v_Maestros
DROP VIEW V_MAESTROS;

create view v_maestros as
select idmaestro as "ID" , NumeroControl, Maestros.Nombre, ApellidoPaterno, ApellidoMaterno, FechaNacimiento, Direccion, Estados.Nombre as Estado,NombreCiudad as Municipio
from Maestros, Estados, Ciudades where Maestros.fkCodigoCiudad=ciudades.CodigoCiudad and Maestros.fkCodigo=Estados.Codigo;

SELECT * FROM V_MAESTROS;
#end region

#region v_Estudios

drop view v_estudios;
create view v_estudios as 
select id, NumeroControl, Maestros.Nombre as Maestro, Maestros.ApellidoPaterno, Cedula, Titulo, Documento from estudios, maestros where Estudios.fkidmaestro=Maestros.idmaestro;
SELECT * FROM v_estudios;

#end region

delete from Maestros;

create table Escuela(idescuela int primary key auto_increment, Nombre varchar(50), RFC varchar(20), Domicilio varchar(50), Telefono varchar(20), 
PaginaWeb varchar(50), Correo varchar(50), Director varchar(50), Logo varchar(50));

select * from Escuela where idescuela=1;

drop table escuela;

insert into Escuela values(null,'TecMM','TECMM893489','Carretera X','4747122345','Tecmm Lagos','tecmm@hotmail.com','Juan Perez','Logo.jpg');


create table Materias(idmateria int primary key AUTO_INCREMENT,Codigo varchar(10), NombreMateria varchar(50), HoraTeoria int, HoraPractica int, fkidsemestre int, fkidcarrera int,
foreign key(fkidsemestre) references Semestres(idsemestre), foreign key(fkidcarrera) references Carreras(idcarrera));

/*insert into Materias values(null,'CALD','Calculo Direfencial',35,30,1,3);*/

select idmateria as 'Id', Codigo, NombreMateria,HoraTeoria, HoraPractica, (HoraTeoria + HoraPractica) Creditos, Nsemestre AS 'Semestre', Ncarrera AS 'Carrera' from Materias, Semestres, Carreras where Materias.fkidsemestre = Semestres.idsemestre and Materias.fkidcarrera = Carreras.idcarrera;

create table Semestres(idsemestre int primary key auto_increment, NumeroSemestre varchar(30));

insert into Semestres values(null,'1°'),(null,'2°'),(null,'3°'),(null,'4°'),(null,'5°'),(null,'6°'),(null,'7°'),(null,'8°'),(null,'9°'),(null,'10°'),(null,'11°');

select * from CARRERAS;

create table Carreras(idcarrera int primary key auto_increment, NombreCarrera varchar(50));

insert into carreras values(null,'Ing. Civil'),(null,'Ing. Electromecanica'),(null,'Ing. Gestion Empresarial'),(null,'Ing. Industrial'),(null,'Ing. Sistemas Automotrices'),(null,'Ing. Sistemas Computacionales');

create table Grupos(idgrupo int primary key AUTO_INCREMENT, fkidsemestre int, NombreGrupo varchar(10), fkidcarrera int, fkidalumno int,
foreign key(fkidsemestre) references Semestres(idsemestre), foreign key(fkidcarrera) references Carreras(idcarrera), foreign key(fkidalumno)references Alumnos (Id));

insert into Grupos values(null,1,'A',1,2);
select * from grupos;

drop view v_Grupo;

CREATE view v_Grupo AS
select idgrupo, concat_ws(' ', NumeroSemestre, NombreGrupo) AS 'Grupo', NombreCarrera AS 'Carrera', NumeroControl, Alumnos.Nombre As 'Alumno' from Grupos, Semestres, Carreras, Alumnos where Grupos.fkidsemestre = Semestres.idsemestre and Grupos.fkidcarrera = Carreras.idcarrera and Grupos.fkidalumno = Alumnos.Id;

select * from v_grupo;

/*SELECT concat_ws(' ', nombre, apellidos) as persona FROM personas;*/

create table Asignaciones(idasignacion int primary key auto_increment, fkidmaestro int, fkidgrupo int, fkidmateria int,
foreign key(fkidmaestro) references Maestros (idmaestro), foreign key(fkidgrupo) references Grupos(idgrupo),
foreign key(fkidmateria) references Materias(idmateria));


insert into Asignaciones values(null,2,3,1);
select idasignacion, Maestros.Nombre AS 'Maestro', Grupos.fkidsemestre AS 'Semestre', NombreGrupo AS 'Grupo' , NombreMateria AS 'Materia' from Maestros, Grupos, Materias, Asignaciones where Asignaciones.fkidmaestro = Maestros.idmaestro and Asignaciones.fkidgrupo = Grupos.idgrupo and Asignaciones.fkidmateria = Materias.idmateria;

create table AltaMaterias(idaltamaterias int primary key auto_increment, fkidalumno int, fkidmateria int,Parcial1 double, Parcial2 double, Parcial3 double, Parcial4 double, foreign key(fkidalumno) references Alumnos(Id), foreign key(fkidmateria) references Materias(idmateria));
select idaltamaterias, NumeroControl, Alumnos.Nombre AS 'Alumno', NombreMateria AS 'Materia', Parcial1, Parcial2, Parcial3, Parcial4, ((Parcial1+parcial2+parcial3+parcial4)/4) AS 'Promedio' from Alumnos, Materias, AltaMaterias where AltaMaterias.fkidalumno = Alumnos.Id and AltaMaterias.fkidmateria = Materias.idmateria;
insert into AltaMaterias values(null,2,3,100,90,100,100);

drop table AltaMaterias; 
